insert_cache_31, a surreal dreamlike scene of the sky shattering like glass, broken glass shards in the sky, extravagant matte painting, highly detailed oil painting, 8k, devastatingly beautiful atmosphere, elegant cinematic fantasy art, overwhelming depth and detail, magic, vibrant colors, intricate masterpiece
insert_cache_54, beautiful small steampunk robot-owl in the deep jungle, with neon colors big eyes, cinematic view, 8k, ultra realistic, vibrant colors, photo realism, trending artstation, octane render, volumetric lighting, high contrast, intricate, highly detailed, digital painting, by Artgerm
insert_cache_64, a film still from jean - pierre jeunet by james paick - a steampunk airship hovers over the city, vibrant, 5 0 mm lens, movie environment design, behance hd, dramatic lighting, cinematic, global illumination, deviant art, trending on artstation, bloom 
insert_cache_49, super advanced technological being from the future, particle effects, octane render, 4 k, depth of field, cinematic lighting, cinematic composition 
insert_cache_24, a digital painting of a robot with flowers, closeup cyberpunk portrait by Filip Hodas, cgsociety, panfuturism, made of flowers, dystopian art, vaporwave
insert_cache_28, the snowy, magical, mystical and foggy forest of vanaheim, scandinavian in winter 1 7 5 6 / norse influenced with magical glowing mushrooms and glowing fireflies and a laughing snowman, cinematic, ray traced, octane render, cinematic lighting, ultrarealistic, featured on artstation, 8 k uhd artwork 
insert_cache_64, balanced masterpiece, steampunk airship above a busy city, exquisite details, denoised, mid view, distant mountains, epic natural light, bright clouds, luminous sky, outer worlds, bright cinematic lighting, art frahm, michael cheval, michael whelan, airbrush digital oil painting, vray, 8 k hd 
insert_cache_48, a huge repetitive flock of many intricate sculptural whirling elegant clouds filigreed twisting turning cloud sculptures, tornadoes, art nouveau craggy wooded environment, soothing, crepuscular, award winning art, epic dreamlike fantasy landscape, ultra realistic, 
insert_cache_24, beautiful dark landscape, justin sun skull head, beautiful flowers growing, in the style of beeple and mike winkelmann, intricate, epic lighting, cinematic composition, hyper realistic, 8 k resolution, unreal engine 5, raytracing, reflections, ultraviolet colors 
insert_cache_49, Powerful God of Evil Highly detailed, photorealism, HD quality, 8k resolution, cinema 4d, unreal engine 5, octane render, beautiful, cinematic
insert_cache_10, Photorealistic Skull covered in thin red strings Surrounded by thick fog and puffy magical clouds that glow from lights in the distance, volumetric lighting, haze, atmosphere, magical lighting, digital art, wallpaper, octane, redshift, creepy, shallow depth of field
insert_cache_64, james paick - a steampunk airship hovers over the city, vibrant, 5 0 mm lens, game environment design, behance hd, dramatic lighting, cinematic, global illumination, deviant art, trending on artstation, bloom 
insert_cache_69, octane render portrait by wayne barlow and carlo crivelli and glenn fabry, subject is a woman covered in tie - dye aluminum foil space suit with a colorful metallic space helmet, surrounded by alien plants, cinema 4 d, ray traced lighting, very short depth of field, bokeh 
insert_cache_24, a painting of a giant robot standing in front of a post apocalyptic city ruins, cyberpunk art by beeple, artstation hd, dystopian art, apocalypse art, sci - fi, glowing neon lights anamorphic lens flare 
insert_cache_69, octane render portrait by wayne barlow and carlo crivelli and glenn fabry, a woman wearing a clear plastic suit full of colorful thick fluid full of glitter, inside an underground soviet dance club, fog and atmospheric lighting, cinema 4 d, ray traced lighting, very short depth of field, bokeh 
insert_cache_49, Epic Landscape Highly detailed, photorealism, HD quality, 8k resolution, cinema 4d, unreal engine 5, high quality, beautiful, cinematic
insert_cache_48, giant tortoise towering over a harsh barren sandy wasteland with a large fantasy castle rising from the top, distant shot angled slightly down, fantasy, hyper detailed, 4 k, howls moving castle, mortal engines, kaiju, 
insert_cache_69, octane render portrait by wayne barlow and carlo crivelli and glenn fabry, subject is a woman covered in tie - dye aluminum foil space suit with a iridescent metallic space helmet, surrounded by alien plants, cinema 4 d, ray traced lighting, very short depth of field, bokeh 
insert_cache_48, dslr, insanely beautiful surf, sunset, aurora, billions of stars, insane details, flying dolphins, hyper reallistic, 8 k,, ultra clear detail, hdr, textured, award winning, professional photography 
insert_cache_48, the most amazing dream you ever had about spacious interior with aquariums as walls, hyper realistic, ambient lighting, concept art, intricate, hyper detailed, smooth, dynamic volumetric lighting, octane, cinematic 
insert_cache_12, cyborg squirrel, intricate, digital painting, artstation, intricate, concept art, smooth, sharp focus 
insert_cache_24, a painting of a robot with flowers in his face, a raytraced image by Mike Winkelmann, cgsociety, afrofuturism, made of flowers, cryengine, prerendered graphics
insert_cache_24, a man in a space suit with a flower hovering near his computer head a computer rendering by Mike Winkelmann, trending on cgsociety, retrofuturism, uhd image, rendered in cinema4d, hard surface modeling,
insert_cache_64, ultra realistic illustration and highly detailed digital render of a busy street inside a fractal city in style of solarpunk, levitating high tech boats drive in the sky by greg rutkowski and kinkade, highly detailed, vibrant and vivid, smooth, cinematic, high contrast, hdr, 4 k, trending on artstation, unreal engine, hyperrealistic 
insert_cache_24, closeup, underwater digital painting of a robot wearing a suit made of flowers, character portrait by fillip hodas, cgsociety, panfuturism, made of flowers, holographic, synthwave, vaporwave 
insert_cache_48, a lifetime from the brightest lights, neo surrealism, volumetric lighting, cinematic lighting, superb resolution, hyper detailed 
insert_cache_49, ‚Äù outer planet with strange alien vegetation, [ colourful, cinematic, detailed, epic, widescreen, opening, establishing, mattepainting, photorealistic, realistic textures, octane render ] ‚Äù 
insert_cache_54, beautiful small steampunk robot-owl in the deep jungle, neon colors, cinematic view, 8k, ultra realistic, vibrant colors, photo realism, trending artstation, octane render, volumetric lighting, high contrast, intricate, highly detailed, digital painting
insert_cache_48, a huge flock of many elaborate intricate smooth sculptural whirling elegant clouds puffy filigreed twisting turning cloud sculptures, tornadoes, art nouveau military environment, soothing, crepuscular, award winning art, epic dreamlike fantasy landscape, ultra realistic, 
insert_cache_69, A astronaut gazing upon an amazing alien landscape with lush vegetation, digital art, breathtaking, golden ratio, extremely detailed, hyper-detailed, establishing shot, hyperrealistic, cinematic lighting, particles, unreal engine, simon st√•lenhag, rendered by Beeple, Makoto Shinkai, syd meade, simon st√•lenhag, Ruan Jia, Kentaro Miura, environment concept, artstation, octane render, 8K UHD image
insert_cache_64, a scifi spacecraft hovering above a cybersteelpunk City, volumetric search lights, cinematic lighting, epic composition, rule of thirds, the fifth Element, tekkon kinkreet, akira, rendered by simon st√•lenhag, rendered by Beeple, Makoto Shinkai, syd meade, environment concept, digital art, starwars, raphael lacoste, eddie mendoza, alex ross, concept art, cinematic lighting, , unreal engine, 3 point perspective, WLOP, trending on artstation, low level, 4K UHD image, octane render,
insert_cache_49, ‚Äù scanlines and analog vhs noise and artefacts, [ cinematic, detailed, epic, widescreen, opening, establishing, mattepainting, photorealistic, realistic textures, octane render ] ‚Äù 
insert_cache_64, james paick - a victorian airship under attack over the city, vibrant, 5 0 mm lens, game environment design, behance hd, dramatic lighting, cinematic, global illumination, deviant art, trending on artstation, bloom 
insert_cache_54, cute owl, organic, epic, baroque art nouveau, manga, james jean, mucha, yoshitaka amano, photorealistic rendering, 3 ds max + v - ray, extremely detailed and complex, center composition, elegant, vfx, unreal engine 5, octane rendering, very contrasting, very sharp lines 
insert_cache_69, character concept of a girl wearing a futuristic grey astronaut suit with orange glowing liquid pipes. coherent face, cute button anime button eyes. vibrant colors, soft lighting, adventurous, atmospheric lighting, 8 k, octane render. by makoto shinkai, stanley artgerm lau, wlop, rossdraws, james jean, andrei riabovitchev, marc simonetti, krenz cushart, sakimichan, d & d trending on artstation, digital art. 
insert_cache_11, an roaring blue and white dragon with colorful feather, digital art, moonlight, blue mist, blue smoke, close shot, 
insert_cache_48, cinematic shots of teenagers with tactical clothing and hoods and masks painting giant graffitis on the top of huge state buildings, dystopian future, industries in ruins, sci - fi, night lights, haze, concept art, intricate, in the style of katsuhiro otomo, akira, unreal engine 
insert_cache_69, octane render portrait by wayne barlow and carlo crivelli and glenn fabry, a giant beautiful woman wearing beautiful armor made out of shiny smooth reflective colorful iridescent metal, inside a giant massive dramatic cavernous art gallery, cinema 4 d, ray traced lighting, very short depth of field, bokeh 
insert_cache_54, beautiful small robot-owl in the deep jungle, with technicolor big eyes, epic bionic cyborg implants of diferent neon colors, epic, cinematic view, 8k, ultra realistic, vibrant colors, photo realism, trending artstation, octane render, volumetric lighting, high contrast, intricate, highly detailed, digital painting
insert_cache_48, she was more like a beauty queen from a movie scene i said don't mind, but what do you mean, i am the one who will dance on the floor in the round she said i am the one, who will dance on the floor in the round she told, cinematic lighting, concept art, intricate, 4 k, highly detailed, dramatic 
insert_cache_54, cyborg eagle flying on a glowing forest, extremely detailed digital painting, in the style of fenghua zhong and ruan jia and jeremy lipking and peter mohrbacher, mystical colors, rim light, beautiful lighting, 8 k, stunning scene, raytracing, octane, trending on artstation 
insert_cache_69, octane render portrait by wayne barlow and carlo crivelli and glenn fabry, a giant beautiful woman wearing intricate armor made out of shiny smooth reflective colorful iridescent metal, inside a giant massive dramatic cavernous art gallery, cinema 4 d, ray traced lighting, very short depth of field, bokeh 
insert_cache_48, a puppy, bloated, fluid, smooth, organic, crazy, bright, colours, tumours, high contrast, sharpness, dramatic, very detailed, intricate, by giger and corben and moebius and beksinski and bosch and bacon and dali 
insert_cache_49, hip hop, gangsta robot, led screens, expressive, photo realistic, dramatic cinematic lighting, octane render, 4k, ultra detailed
insert_cache_24, a beautiful portrait painting of a ( cyberpunk ) skull covered with flowers by simon stalenhag and pascal blanche and alphonse mucha!! and nekro!! and josan gonzalez. in style of digital art. colorful comic, film noirs, symmetry, brush stroke, vibrating colors, hyper detailed. octane render. trending on artstation 
insert_cache_24, a beautiful portrait painting of a ( ( ( cyberpunk ) ) ) skull robot covered with flowers by simon stalenhag and pascal blanche and alphonse mucha!! and nekro. in style of digital art. colorful comic, film noirs, symmetry, brush stroke, vibrating colors, hyper detailed. octane render. trending on artstation 
insert_cache_24, beautiful happy landscape, anonymous head, beautiful flowers growing, in the style of beeple and mike winkelmann, intricate, epic lighting, cinematic composition, hyper realistic, 8 k resolution, unreal engine 5, raytracing, reflections, ultraviolet colors 
insert_cache_54, Futuristic Robotic Neoclassical Space station overgrown with ivy | Giant Mecha, sci-fi, highly detailed, digital painting, vibrantly lush neon lighting, beautiful volumetric-lighting-style atmosphere, a futuristic atmosphere, intricate, ultra detailed, photorealistic imagery, rule of third, artstation, concept art, smooth, sharp focus, illustration, art by artgerm and greg rutkowski and alphonse mucha
insert_cache_2, anime, incredible wide screenshot, ultrawide, watercolor, paper texture, intricate, very detailed, ghost in the shell movie scene, girl in a dress walking the beautiful forest town, lanterns, wood bridges, night outdoors, fireflies, fog, dust
insert_cache_48, a planet of various fungus and plants,  in which the singular human figure is dressed in something magical and impressive, inside the picture is infinity, sunset light, Atmospheric phenomenon, artistic photography, muted colors, conceptual, long exposure outside the city, volumetric light
insert_cache_54, beautiful small cyberpunk robot-owl in the deep jungle, with neon color eyes, cinematic view, 8k, ultra realistic, vibrant colors, photo realism, trending artstation, octane render, volumetric lighting, high contrast, intricate, highly detailed, digital painting
insert_cache_54, giant evil, malevolent, cyborg owls snuggling, surrounded by computer screens. steampunk. this 4 k hd image is trending on artstation, featured on behance, well - rendered, extra crisp, features intricate detail and the style of unreal engine. volumetric lighting octane render 
insert_cache_49, intricate artwork, octane render, cinematic, hyper realism, golden hour, octane render, 8k, depth of field, bokeh. iridescent accents. vibrant.
insert_cache_24, a beautiful portrait painting of a ( cyberpunk ) steel skeleton covered with flowers by simon stalenhag and pascal blanche and alphonse mucha!! and nekro and josan gonzalez. in style of digital art. colorful comic, film noirs, symmetry, brush stroke, vibrating colors, hyper detailed. octane render. trending on artstation 
insert_cache_49, Magical Landscape Highly detailed, photorealism, HD quality, 8k resolution, cinema 4d, unreal engine 5, high quality, beautiful, cinematic
insert_cache_17, scifi concept art of a futuristic city dowtown close - up by greg rutkowski, cumulonimbus clouds, sunset, nostalgic, very very very beautiful art, cinematic lighting, bright pastel color, blue sky 
insert_cache_69, octane render by wayne barlow and carlo crivelli and glenn fabry, a woman in a skintight shiny black spacesuit with intricate iridescent metal detailing, covered in bright colorful alien flora and fauna inside a massive cavernous metal dome, cinema 4 d, ray traced lighting, ultra - detailed, volumetric lighting 
insert_cache_49, aerial high resolution!! photography of a landscape filled with a disrupted architectures, vibrant and iridescent, highly ornated, sky is not visible, 8K, Octane Render, cinematic, state of the art, photorealistic lights, random scheme color 
insert_cache_69, octane render portrait by wayne barlow and carlo crivelli and glenn fabry, focus on a woman in a skintight shiny black spacesuit with intricate iridescent metal detailing, covered in bright colorful tropical alien flora inside a massive cavernous metal dome, cinema 4 d, ray traced lighting, very short depth of field, bokeh 
insert_cache_24, beautiful dark landscape, black cat dressed as astronaut, beautiful flowers, in the style of beeple and mike winkelmann, intricate, epic lighting, cinematic composition, hyper realistic, 8 k resolution, unreal engine 5, raytracing, ultraviolet colors, 
insert_cache_31, a surreal dreamlike scene of a distant view of an ornate spiral staircase leading to a portal in the sky, extravagant matte painting, highly detailed oil painting, 8k, devastatingly beautiful atmosphere, elegant cinematic fantasy art, overwhelming depth and detail, magic, vibrant colors, intricate masterpiece
insert_cache_69, character concept of a girl wearing a futuristic grey astronaut suit with orange glowing liquid pipes in the chest of her suit. coherent face, cute button anime button eyes. vibrant colors, soft lighting, 8 k, octane render. by makoto shinkai, stanley artgerm lau, wlop, rossdraws, james jean, andrei riabovitchev, marc simonetti, krenz cushart, sakimichan, d & d trending on artstation, digital art. 
insert_cache_24, a digital painting of a robot with flowers, cyberpunk art by Mike Winkelmann, cgsociety, panfuturism, made of flowers, dystopian art, vaporwave
insert_cache_24, closeup, underwater digital painting of a robot wearing a suit made of flowers, cyberpunk portrait by Filip Hodas, cgsociety, panfuturism, made of flowers, dystopian art, vaporwave
insert_cache_24, a painting of a robot with flowers in his face, a raytraced image by Mike Winkelmann, cgsociety, panfuturism, made of flowers, cryengine, prerendered graphics
insert_cache_24, a painting of a robot with flowers in front of it, a digital painting by Ismail Inceoglu, trending on Artstation, environmental art, made of flowers, reimagined by industrial light and magic, artstation hd
insert_cache_64, realistic extremely detailed photo style portrait painting of an airship over a futuristic city, moebius, brom, ian miller, moody, neon, vibrant colors, octane render, 4 k 
insert_cache_24, a painting of a building surrounded by flowers, a watercolor and matte painting by Beeple and RHADS and maxfield parrish, cgsociety, brutalism, dystopian art, sci-fi, artstation hq
insert_cache_24, a 3 d vaporwave painting by syd mead of a bipedal robot head with flowers growing out of the top, trending on artstation, masterpiece, incredible details 
insert_cache_48, a psychedelic realm with rolling plains made out of clouds, mountains made out of icebergs, and plant life made out of cotton candy, in the style of wlop and lisa frank, illustration, epic, fantasy, hyper detailed, smooth, unreal engine, sharp focus, ray tracing 
insert_cache_54, A beautiful detailed 3d matte painting of a cute magical owl ,sparkling with colourful energies in a brilliantly coloured fantasy setting,Behind is an ornate gothic palace in medieval Europe, by beeple and ellen jewett and alex horley and Alexander Jansson, magical realism, hyperrealistic, ultra wide angle, smooth, texture, intricate, fantasy, trending on artstation, polarizer filter, volumetric lighting, micro details, 3d sculpture, octane render, 8k
insert_cache_54, a downed spaceship in a dense jungle, misty background, light rays, beautiful lighting, vivid colors, intricate, elegant, smooth, sharp focus, highly detailed digital painting, concept art, cinematic, unreal engine, 4 k wallpaper, trending on cgsociety, trending on artstation 
insert_cache_69, octane render portrait by wayne barlow and carlo crivelli and glenn fabry, subject is a woman covered in tie - dye hoodie with iridescent metallic space helmet, surrounded by alien plants, cinema 4 d, ray traced lighting, very short depth of field, bokeh 
insert_cache_69, octane render portrait by wayne barlow and carlo crivelli and glenn fabry, a giant massive colorful chrome metal head inside a futuristic paris street, cinema 4 d, ray traced lighting, very short depth of field, bokeh 
insert_cache_48, destructive monster in the city, photorealistic, highly detailed, sharp focus, vivid, colorful, symmetrical, random, convoluted, mind - blowing, creative, fully functional, end of the world, physics defying, amazing, cool 
insert_cache_24, a robot with chives on his head, cyberpunk art by Mike Winkelmann and beeple, by Filip Honda, trending on cgsociety, panfuturism, made of chives, glitch art, rendered in cinema4d,
insert_cache_24, a digital portrait of a robot with flowers in its head by Mike Winkelmann, cgsociety contest winner, digital art, made of flowers, digital painting, photoillustration
insert_cache_69, a computer generated image of a strange object, a detailed matte painting by stephan martiniere, cgsociety contest winner, space art, rendered in unreal engine, concept art, rendered in cinema 4 d 
insert_cache_24, a beautiful portrait painting of a ( cyberpunk ) skull robot covered with flowers by simon stalenhag and pascal blanche and alphonse mucha!! and nekro and josan gonzalez. in style of digital art. colorful comic, film noirs, symmetry, brush stroke, vibrating colors, hyper detailed. octane render. trending on artstation 
insert_cache_48, the most amazing dream you ever had about lowbrow art, hyper realistic, ambient lighting, concept art, intricate, hyper detailed, smooth, dynamic volumetric lighting, octane, cinematic 
insert_cache_49, what is going on with some of these people, the stuff they're asking for, hyper realistic, bokeh, 8 k, octane render, unreal engine 
insert_cache_17, a colorful with a single building in the foreground based on the architecture of ricardo bofill within an urban megacity, sci - fi, cinematic lighting, light blue sky with clouds, dramatic matte painting, style by vincent van gogh, 8 k, octane render, photorealistic, hyperrealism 
insert_cache_24, a beautiful portrait painting of a ( ( ( cyberpunk ) ) ) robot skull in a field of flowers by simon stalenhag and pascal blanche and alphonse mucha!! and nekro. in style of digital art. colorful comic, film noirs, symmetry, brush stroke, vibrating colors, hyper detailed. octane render. trending on artstation 
insert_cache_49, high quality 4 k texture of glossy topaz, sparkly, 3 d octane render, blender design assets, 3 d, photo - realistic, high poly, 3 0 0 dpi, 8 k render, ue marketplace, unreal engine 5, volumetric lighting, realistic shadows, 
insert_cache_54, a surreal portrait statue of a psychedelic cat owl figure by naoto hattori, android jones, and chris dyer, deep bold colors, galactic entity, depth of field, intricate beautiful painting, billions of details, octane render, portal, 8 k, detailed vector, trending on artstation, cgisociety, wow!!!!!! 
insert_cache_49, creature unlike any creature ever witnessed before, breathes argon gas, unknown lifeform, unlike anything on earth, photograph, beautiful, unfathomable, elegant, highly detailed, centered, fisheye, octane render, 8 k, biological portrait in the style of charles darwin 
insert_cache_24, concept art, a world full of life divine thrill of the biological tranquil sky, atoms floating, cosmic horror, gothic harts, flowers, artwork by beeple and lisa frank, fantasy art, high - detailed, 8 k, uhd 
insert_cache_24, a man in a space suit with a flower in his hand, a computer rendering by Mike Winkelmann, trending on cgsociety, retrofuturism, uhd image, rendered in cinema4d, hard surface modeling,
insert_cache_24, closeup, underwater digital painting of a robot wearing a suit made of flowers, cyberpunk portrait by Filip Hodas, cgsociety, panfuturism, abstract expressionism, scribbles, made of flowers, dystopian art, vaporwave
insert_cache_49, Splashing Paint, Hyperrealistic Simulation, Refractions and Subsurface Scattering, Octane Renderer, Redshift, Ultra Settings, Photorealistic Rendering, Raytraced Lights and Shadows, Depth of Field, Hyperdetailed, Wallpaper
insert_cache_64, a large pirate airship flying among the clouds, soaring through the sky, airship, digital art, pirate, vivid colors, atey ghailan, james gilleard, beautiful, highly detailed, trending on art station 
insert_cache_69, octane render portrait by wayne barlow and carlo crivelli and glenn fabry, subject is a woman wearing a clear iridescent plastic and silver spacesuit with intricate colorful metal helmet, floating inside a futuristic black space station, cinema 4 d, ray traced lighting, very short depth of field, bokeh 
insert_cache_69, octane render portrait by wayne barlow and carlo crivelli and glenn fabry, a woman wearing a clear plastic suit full of colorful thick fluid full of glitter, standing in front of a giant sheet of tie - dye aluminum foil, cinema 4 d, ray traced lighting, very short depth of field, bokeh 
insert_cache_48, a flock of many puffy white transparent clouds tangled into large twisting blobs of colored glass, abstract environment, lightning, award winning art, epic dreamlike fantasy landscape, ultra realistic, 
insert_cache_54, beautiful small cyberpunk robot-scarlet macaw in the deep jungle, with neon color feathers, cinematic view, 8k, ultra realistic, vibrant colors, photo realism, trending artstation, octane render, volumetric lighting, high contrast, intricate, highly detailed, digital painting
insert_cache_54, futuristic  cyberpunk airstream treehouse with tiki accents, fine art, digital painting, velvet art, atmospheric lighting, center focus, hyperdetailed, photorealistic, 8k, high resolution, velvia, velvety, vibrant and rich  colors,  insanely detailed and intricate, ray tracing, award winning, featured in artstation, greg rutkowski, beeple, octane render
insert_cache_54, beautiful small cyberpunk bionic robot-owl in the deep jungle, with big neon color eyes, cinematic view, 8k, ultra realistic, vibrant colors, photo realism, trending artstation, octane render, volumetric lighting, high contrast, intricate, highly detailed, digital painting
insert_cache_49, üëü , digital Art, nilian animation studio, Trending cinematographic artstation, unreal engine 5, cinema4D, octane render, Detailed
insert_cache_24, a robot with flowers on his head, cyberpunk art by Mike Winkelmann, by Filip Honda, trending on cgsociety, panfuturism, made of flowers, glitch art, rendered in cinema4d
hit 99 times, current hit rate is 0.0017134846046004465
insert_cache_24, beautiful dark landscape, gizmo head, beautiful flowers growing, in the style of beeple and mike winkelmann, intricate, epic lighting, cinematic composition, hyper realistic, 8 k resolution, unreal engine 5, raytracing, reflections, ultraviolet colors 
insert_cache_48, simplicity, a huge flock of many ornate iridescent puffy filigreed clouds tangled into large whirling ultra detailed crystal specimens, cyberpunk environment, playful, award winning art, epic dreamlike fantasy landscape, ultra realistic, 
insert_cache_69, octane render portrait by wayne barlow and carlo crivelli and glenn fabry, a woman wearing a giant inflated clear plastic suit full of colorful thick fluid containing glitter, inside an underground soviet dance club, fog and atmospheric lighting, cinema 4 d, ray traced lighting, very short depth of field, bokeh 
hit 102 times, current hit rate is 0.001684307865057217
