insert_cache_4, a surreal dreamlike scene of the sky shattering like glass, broken glass shards in the sky, extravagant matte painting, highly detailed oil painting, 8k, devastatingly beautiful atmosphere, elegant cinematic fantasy art, overwhelming depth and detail, magic, vibrant colors, intricate masterpiece
insert_cache_56, beautiful small steampunk robot-owl in the deep jungle, with neon colors big eyes, cinematic view, 8k, ultra realistic, vibrant colors, photo realism, trending artstation, octane render, volumetric lighting, high contrast, intricate, highly detailed, digital painting, by Artgerm
insert_cache_59, forrest with beautiful deer, superwide angle, light through the mist, dramatic lighting, photorealistic, cinematic lighting, high detail, cinematic feel, high octane, 4 k, unreal engine, digital render, intricate, ultra realistic, concept art 
insert_cache_43, portrait of dreamlike giant eye puzzle lock cube, intricate abstract. intricate artwork, by tooth wu, wlop, beeple, dan mumford. concept art, octane render, trending on artstation, greg rutkowski very coherent symmetrical artwork. cinematic, key art, hyper realism, high detail, octane render, 8 k, iridescent accents 
insert_cache_34, full portrait and / or landscape painting for a wall. contemporary art print. high taste. old master masterpiece. visual but photorealistic art, polished and fully lit environments ( elements, and characters ), chakra colors, euclid geometry with / and / or fibonacci spacing high definition, axonometric drawings, liminal ( diffusion, spaces, and environments ). latent space environment chirality expression. think like a baby. 
insert_cache_12, super advanced technological being from the future, particle effects, octane render, 4 k, depth of field, cinematic lighting, cinematic composition 
insert_cache_43, ultra realistic illustration of a retro futuristic male cyborg punk art, masterpiece, intricate, highly detailed, sharp, giygas, technological rings, ayami kojima, combination in the style ayami kojima, highly detailed, painting, 3 d render beeple, unreal engine render, intricate abstract. nouveau filgree scrollwork, intricate artwork, by tooth wu, wlop, beeple, dan mumford. concept art, octane render, trending on artstation, greg rutkowski very coherent symmetrical artwork. cinematic, key art, hyper realism, high detail, octane render, 8 k, iridescent accents, albedo from overlord, the library of gems, intricate abstract. intricate artwork, by tooth wu, wlop, beeple, dan mumford. concept art, octane render, trending on artstation, greg rutkowski very coherent symmetrical artwork. cinematic, key art, hyper realism, high detail, octane render, 8 k, iridescent accents 
insert_cache_60, balanced masterpiece, steampunk airship above a busy city, exquisite details, denoised, mid view, distant mountains, epic natural light, bright clouds, luminous sky, outer worlds, bright cinematic lighting, art frahm, michael cheval, michael whelan, airbrush digital oil painting, vray, 8 k hd 
insert_cache_53, a huge repetitive flock of many intricate sculptural whirling elegant clouds filigreed twisting turning cloud sculptures, tornadoes, art nouveau craggy wooded environment, soothing, crepuscular, award winning art, epic dreamlike fantasy landscape, ultra realistic, 
insert_cache_52, close-up of a biblical angelic octopus wearing a spacesuit in the office, second coming, centered, portrait by Greg Hildebrandt, studio lighting, 85 mm, muted colors, by Terry Richardson, by Leonardo DaVinci, by Beeple, ultrarelistic, extreme detail, caustics, trending on Artstation, 8K, octane renderer, rtx on
insert_cache_10, octane render portrait by wayne barlow and carlo crivelli and glenn fabry, subject is a woman covered in tie - dye aluminum foil space suit with a colorful metallic space helmet, surrounded by alien plants, cinema 4 d, ray traced lighting, very short depth of field, bokeh 
insert_cache_43, ultra realistic illustration of a retro futuristic male cyborg punk art nouveau filgree scrollwork, masterpiece, intricate, highly detailed, sharp, painting of a man, insanely nice hair style, combination in the style ayami kojima, highly detailed, painting, 3 d render beeple, unreal engine render, intricate abstract. intricate artwork, by tooth wu, wlop, beeple, dan mumford. concept art, octane render, trending on artstation, greg rutkowski very coherent symmetrical artwork. cinematic, key art, hyper realism, high detail, octane render, 8 k, iridescent accents, albedo from overlord, the library of gems, intricate abstract. intricate artwork, by tooth wu, wlop, beeple, dan mumford. concept art, octane render, trending on artstation, greg rutkowski very coherent symmetrical artwork. cinematic, key art, hyper realism, high detail, octane render, 8 k, iridescent accents 
insert_cache_10, octane render portrait by wayne barlow and carlo crivelli and glenn fabry, a woman wearing a clear plastic suit full of colorful thick fluid full of glitter, inside an underground soviet dance club, fog and atmospheric lighting, cinema 4 d, ray traced lighting, very short depth of field, bokeh 
insert_cache_40, full portrait and / or landscape painting for a wall. high taste. visual but photorealistic art, polished and fully lit environments ( elements, and characters ), chakra colors, euclid geometric with / and / or fibonacci spacing high definition, axonometric drawings, liminal diffusion, liminal spaces and environments, latent space environment chirality expression. think like a baby. 
insert_cache_3,  giant intricate mechanical hedgehog with cybernetic enhancements and visible gears, on the background of a weird magical mechanical forest. Very detailed 8k. Fantasy cyberpunk horror. Sharp. Cinematic post-processing. Unreal engine. Nanite. Ray tracing. Parallax. Tessellation
insert_cache_37, architecture of time, detailed, cinematic lighting, dramatic, beautiful, vibrant, scintillating, wondrous, out of time
insert_cache_51, giant tortoise towering over a harsh barren sandy wasteland with a large fantasy castle rising from the top, distant shot angled slightly down, fantasy, hyper detailed, 4 k, howls moving castle, mortal engines, kaiju, 
insert_cache_10, octane render portrait by wayne barlow and carlo crivelli and glenn fabry, subject is a woman covered in tie - dye aluminum foil space suit with a iridescent metallic space helmet, surrounded by alien plants, cinema 4 d, ray traced lighting, very short depth of field, bokeh 
insert_cache_53, dslr, insanely beautiful surf, sunset, aurora, billions of stars, insane details, flying dolphins, hyper reallistic, 8 k,, ultra clear detail, hdr, textured, award winning, professional photography 
insert_cache_58, cyborg squirrel, intricate, digital painting, artstation, intricate, concept art, smooth, sharp focus 
insert_cache_60, legendary space ship, jungle planet, tropical, green forest, alien technology, cinematic, highly detailed, large blue engines, scifi, yellow windows and details, hyper realism, intricate digital painting, skyscrapers, mechanics, red glow, gigantic landing pad, scifi base, artstation, by johnson ting, jama jurabaev 
insert_cache_11, ''giant dragon, long dragon, in the clouds, beautiful sky and sun shine, fantasy artwork, very beautiful scenery, cinematic shot, ultra detailed, by popular digital, details, beautiful art, high resolution, 8 k, artstation'' 
insert_cache_53, a dwarven king he was on carven throne, in many - pillared halls of stone, with golden roof and silver floor, and runes of power upon the door, the light of sun and star and moon in shining lamps of crystal hewn, fantasy, intricate detail 
insert_cache_44, digital horse, retrowave palette, highly detailed, anatomically correct equine, synth feel, smooth face, ear floof, flowing mane, no reins, super realism, accurate animal imagery, 4 k digital art 
insert_cache_30, warped mirror with neon frame in black hole in cube, psychedelic, futurism, atmospheric, colorful fog, shiny background, cyberpunk, octane render, ultra detailed, 8 k 
insert_cache_53, a lifetime from the brightest lights, neo surrealism, volumetric lighting, cinematic lighting, superb resolution, hyper detailed 
insert_cache_15, a 3 d render of a person standing in the ruins of an ancient city in the morning mist, cyberpunk with lights and electricity and neon, bokeh, canon 5 0 mm, cinematic lighting, volumetric light, octane, octane render, redshift render, golden hour 
insert_cache_12, ‚Äù outer planet with strange alien vegetation, [ colourful, cinematic, detailed, epic, widescreen, opening, establishing, mattepainting, photorealistic, realistic textures, octane render ] ‚Äù 
insert_cache_56, beautiful small steampunk robot-owl in the deep jungle, neon colors, cinematic view, 8k, ultra realistic, vibrant colors, photo realism, trending artstation, octane render, volumetric lighting, high contrast, intricate, highly detailed, digital painting
insert_cache_25, scifi concept art of a futuristic city near to a big lake by greg rutkowski, cumulonimbus clouds, sunset, nostalgic, very very very beautiful art, cinematic lighting, bright pastel color, blue sky 
insert_cache_53, a huge flock of many elaborate intricate smooth sculptural whirling elegant clouds puffy filigreed twisting turning cloud sculptures, tornadoes, art nouveau military environment, soothing, crepuscular, award winning art, epic dreamlike fantasy landscape, ultra realistic, 
insert_cache_27, beautiful hyperdetailed digital painting of a snowman sitting on a bench outside a futuristic neon cyberpunk ice cream store, cyberpunk city in background, night time, stunning lighting, dreamy, global illumination, octane render, trending on artstation, unreal engine 5, 4 k 
insert_cache_48, giant arachnids attacking the city, eye catching composition, realistic, arachnophobia, unreal engine 5, global illumination, detailed environment, bright colours, cinematic, atmosphere, 4 k 
insert_cache_12, ‚Äù scanlines and analog vhs noise and artefacts, [ cinematic, detailed, epic, widescreen, opening, establishing, mattepainting, photorealistic, realistic textures, octane render ] ‚Äù 
insert_cache_48, a beautiful high - quality photo of a large spider walking through a solarpunk city, roads, pavements, trees, volumetric lighting, hyperrealistic, 8 k 
insert_cache_36, futuristic police car concept art realistic, octane render, 8 k, 4 k, studio lighting 
insert_cache_56, beautiful small robot-owl in the deep jungle, with technicolor big eyes, epic bionic cyborg implants of diferent neon colors, epic, cinematic view, 8k, ultra realistic, vibrant colors, photo realism, trending artstation, octane render, volumetric lighting, high contrast, intricate, highly detailed, digital painting
insert_cache_40, she was more like a beauty queen from a movie scene i said don't mind, but what do you mean, i am the one who will dance on the floor in the round she said i am the one, who will dance on the floor in the round she told, cinematic lighting, concept art, intricate, 4 k, highly detailed, dramatic 
insert_cache_43, Very very very very highly detailed epic photo of beautiful face with carnival mask, intricate, dystopian, sci-fi, extremely detailed, digital painting, artstation, concept art, smooth, sharp focus, illustration, intimidating lighting, incredible art by Anton Pieck, Octane render in Maya and Houdini VFX
insert_cache_40, is this the real life? is this just fantasy? caught in a landside, no escape from reality open your eyes, look up to the skies and see, i'm just a poor boy, i need no sympathy, because i'm easy come, easy go, little high, little low, any way the wind blows doesn't really matter to me, to me, 4 k 
insert_cache_53, a puppy, bloated, fluid, smooth, organic, crazy, bright, colours, tumours, high contrast, sharpness, dramatic, very detailed, intricate, by giger and corben and moebius and beksinski and bosch and bacon and dali 
insert_cache_40, https://media.discordapp.net/attachments/1005596709113561198/1006845135142793328/galaxy_in_the_eye__high_quality_high_details__high_detail_photo_digital_art_-H_1024_-W_1024_-n_9_-i_-S_2107550388_ts-1660120985_idx-0.png magical panda üêº , high quality, high details, üåå, high detail photo, üå†,digital art,
insert_cache_40, https://media.discordapp.net/attachments/1005596709113561198/1006845135142793328/galaxy_in_the_eye__high_quality_high_details__high_detail_photo_digital_art_-H_1024_-W_1024_-n_9_-i_-S_2107550388_ts-1660120985_idx-0.png galaxy in the eye üëÅÔ∏è , high quality, high details, üåå, high detail photo, üå†,digital art,
insert_cache_4, an extremely high quality hd surrealism painting of a 3 d perspective neon complimentary - colors cartoon surrealism melting sculptural cast glass biological anatomical zaha hadid dripping pizza sandwich by a much more skilled version of kandinskypicasso and salvia dali the third, salvador dali's much much much much more talented painter cousin, 8 k, ultra realistic, very realistic, nerves, veins, neurons 
insert_cache_36, abandoned car in the woods, colorful, cyberpunk, dirty, octane render, substance painter, zbrush, trending on artstation, 8K, highly detailed.
insert_cache_60, low angle of a gigantic building hovering above a city, long thick cables  trash and debris hanging from underneath, smoke and thick dust in the air, rays of light, neon billboards and dried palmtrees in the streets, air ships examining the area, intricate and epic concept art, highly detailed, 8k, cinematic
insert_cache_25, scifi concept art of a futuristic suburb, by greg rutkowski, modular minimalistic houses, cumulonimbus clouds, sunset, nostalgic, very very very beautiful art, cinematic lighting, bright pastel color, blue sky 
insert_cache_2, anime, incredible wide screenshot, ultrawide, watercolor, paper texture, intricate, very detailed, ghost in the shell movie scene, girl in a dress walking the beautiful forest town, lanterns, wood bridges, night outdoors, fireflies, fog, dust
insert_cache_43, highly detailed futuristic Apple iGlass computer glasses on face of human, cyberpunk, calling friend as a hologram, hand tracking, concept art, character art, studio lightning, bright colors, intricate, masterpiece, photorealistic, hyperrealistic, sharp focus, high contrast, Artstation HQ, DeviantArt trending, 8k UHD, Unreal Engine 5
insert_cache_48, giant spiders attacking the city, realistic, arachnophobia, unreal engine 5, global illumination, detailed environment, bright colours, cinematic, atmosphere, 4 k 
insert_cache_48, a giant arachnid invading a large city covering it on webs, dark souls inspired, elden ring inspired, octane render, rtx, unreal engine 5, digital painting, trending on artstation, highly detailed, epic composition, 8 k uhd 
insert_cache_53, a planet of various fungus and plants,  in which the singular human figure is dressed in something magical and impressive, inside the picture is infinity, sunset light, Atmospheric phenomenon, artistic photography, muted colors, conceptual, long exposure outside the city, volumetric light
insert_cache_56, beautiful small cyberpunk robot-owl in the deep jungle, with neon color eyes, cinematic view, 8k, ultra realistic, vibrant colors, photo realism, trending artstation, octane render, volumetric lighting, high contrast, intricate, highly detailed, digital painting
insert_cache_48, giant arachnids attacking the city, realistic, arachnophobia, unreal engine 5, global illumination, detailed environment, bright colours, cinematic, atmosphere, 4 k 
insert_cache_12, intricate artwork, octane render, cinematic, hyper realism, golden hour, octane render, 8k, depth of field, bokeh. iridescent accents. vibrant.
insert_cache_4, You step out of the tent and are about to start running when it suddenly gets incredibly bright, Tents are on fire. you hear screams You look up, Mighty zeppelins hover in the sky above you, cruise missile strikes, a little further away, a camp is bombarded from the air, intricate and epic concept art, highly detailed, 8k, cinematic
insert_cache_27, beautiful hyperdetailed digital painting of a snowman!!!!!!!!!!!! sitting on a bench outside a futuristic neon cyberpunk ice cream store, cyberpunk city in background, night time, stunning lighting, dreamy, global illumination, octane render, trending on artstation, unreal engine 5, 4 k 
insert_cache_44, digital horse, synthwave palette, highly detailed, anatomically correct equine, retro feel, portrait, digital art 
insert_cache_25, scifi concept art of a futuristic city dowtown close - up by greg rutkowski, cumulonimbus clouds, sunset, nostalgic, very very very beautiful art, cinematic lighting, bright pastel color, blue sky 
insert_cache_10, octane render by wayne barlow and carlo crivelli and glenn fabry, a woman in a skintight shiny black spacesuit with intricate iridescent metal detailing, covered in bright colorful alien flora and fauna inside a massive cavernous metal dome, cinema 4 d, ray traced lighting, ultra - detailed, volumetric lighting 
insert_cache_60, legendary space ship, elephant shape!!!!, desert planet, alien technology, cinematic, highly detailed, large blue engines, scifi, yellow windows and details, hyper realism, intricate digital painting, skyscrapers, mechanics, red glow, gigantic landing pad, scifi base, artstation, by johnson ting, jama jurabaev 
insert_cache_10, octane render portrait by wayne barlow and carlo crivelli and glenn fabry, focus on a woman in a skintight shiny black spacesuit with intricate iridescent metal detailing, covered in bright colorful tropical alien flora inside a massive cavernous metal dome, cinema 4 d, ray traced lighting, very short depth of field, bokeh 
insert_cache_40, clockwork prosthetics, suspended trains, golden sunrises, starry skies, quest for knowledge, friendship, lots of morally grey characters, government VS rebels but there are no real ‚Äúbad guys‚Äù, tall buildings, airships, animated masks, extravagant ballgowns and hats, hidden intentions, more friendship, vampires whose eyes change colour to match their emotions, big *ss eldritch monsters that are just randomly nice to people, complicated conflicts, ace MC, bakery aesthetic, people in power manipulating each other, mad scientists, stars
insert_cache_15, person facing the desperate call of the void, futuristic cityscape, unreal 5 render, vivid colors, high detail, clear weather, studio ghibli, history painting, digital art, octane render, beautiful composition, trending on artstation, award - winning photograph, masterpiece 
insert_cache_25, scifi concept art of a futuristic city near to a big lake by greg rutkowski, cumulonimbus clouths, sunset, nostalgic, very very very beautiful art, cinematic lighting, bright pastel color, blue sky 
insert_cache_45, a whale dies in the middle of the square, gray sky, crowd of onlookers, fence, fountain, volumetric lighting, scenery, digital painting, highly detailed, artstation, sharp focus, illustration, concept art, 8 k, no blur, hyper realistic, magic world 
insert_cache_53, cybermagnetosphere, beautiful hairy humanoids, love, joy, complex cybernetic beings, glowing hair, vortexes, large arrays, ornate hair, cinematic light shadows, wet hdr refractions, cybernetic civilizations, data holograms, 8 k, *, * * *, * * * * * 
insert_cache_60, realistic extremely detailed photo style portrait painting of an airship over a futuristic city, moebius, brom, ian miller, moody, neon, vibrant colors, octane render, 4 k 
insert_cache_48, giant crab without a exoskeleton, digital art, octane render, unreal engine 5, trending on artstation, highly detailed, 8k UHD, artgerm
insert_cache_53, a psychedelic realm with rolling plains made out of clouds, and tear in the sky that leads into the multiverse, in the style of wlop, illustration, epic, fantasy, hyper detailed, smooth, unreal engine, sharp focus, ray tracing 
insert_cache_52, hyperrealistic photography of a squid monster astronaut, full body portrait, well lit,  intricate abstract, in the style of Jin Kagetsu, James Jean and wlop, highly detailed, sharp focus, intricate concept art, digital painting, ambient lighting, 4k, artstation
insert_cache_11, steampunk ent dragon from lord of the rings, high detail, realistic, pastel, complex, dark, magical natural mountainous background with setting sun, smoke in sky 
insert_cache_43, hyper realistic photography of a beautiful cyborg androgynous humanoid, holding close, holding sphere, affectionately, intricate filigree, in the style of beth cavener, jin kagetsu, wlop, highly detailed, symmetry, masterpiece, concept art, ringflash, highkey lighting, ambient lighting, octane render, 8 k, artstation 
insert_cache_53, a psychedelic realm with rolling plains made out of clouds, mountains made out of icebergs, and plant life made out of cotton candy, in the style of wlop and lisa frank, illustration, epic, fantasy, hyper detailed, smooth, unreal engine, sharp focus, ray tracing 
insert_cache_48, huge giant massive mechanical ominous futuristic cybernetic evangelion spider tank mecha with weaponized fangs, at a crowd of screaming scared panicked people in a busy city street in the evening, explosions, dust, smoke, war of the worlds, by artgerm, by beeple, cinematic, hyper realism, high detail, octane render, vibrant colors 
insert_cache_10, octane render portrait by wayne barlow and carlo crivelli and glenn fabry, subject is a woman covered in tie - dye hoodie with iridescent metallic space helmet, surrounded by alien plants, cinema 4 d, ray traced lighting, very short depth of field, bokeh 
insert_cache_4, an engaging painting that tells a story. the painting depicts a group of friends going on an adventure together. the story is told through the expressions and actions of the characters in the painting. high quality. unreal engine, embers flying, hyper realism, realistic shading, cinematic composition, blender render, octane render, ultrawide shot, photorealistic. hq. hd. 4 k. award winning. trending on artstation 
insert_cache_4, an engaging painting that tells a story. the painting depicts a group of friends going on an adventure together. the story is told through the expressions and actions of the characters in the painting. high quality. cinematic composition, ultrawide shot, photorealistic. hq. hd. 4 k. award winning. trending on artstation 
insert_cache_3,  giant intricate mechanical hedgehog with cybernetic enhancements and visible gears and fiber optics, on the background of a weird magical mechanical forest. Very detailed 8k. Fantasy cyberpunk horror. Sharp. Cinematic post-processing. Unreal engine. Nanite. Ray tracing. Parallax. Tessellation
insert_cache_24, hyperrealism, detailed textures, photorealistic 3 d render, a dreamy purple cloud scape above the aticama desert, sharp focus, ultra realistic, ultra high pixel detail, cinematic, intricate, cinematic light, concept art, illustration, art station, unreal engine 8 k 
insert_cache_53, the most amazing dream you ever had about lowbrow art, hyper realistic, ambient lighting, concept art, intricate, hyper detailed, smooth, dynamic volumetric lighting, octane, cinematic 
insert_cache_40, a unique beautiful goddess of destruction, detailed, pretty,
insert_cache_15, a 3 d render of a person standing in the ruins a futuristic city with fires and plumes of smoke in the background, cyberpunk with lights and electricity and neon, bokeh, canon 5 0 mm, cinematic lighting, volumetric light, octane, octane render, redshift render 
insert_cache_10, painting by wayne barlow and carlo crivelli, a woman in a skintight silver reflictive shining spacesuit with colorful iridescent metal detailing on a dramatic red rocky planet, fog and atmosphere, 8 k, ray - traced lighting 
insert_cache_15, sad singularity silhouette, octane renderer, stormy weather, atmospheric establishing shot, rain, night, film grain, cinematic render, end of the world, environment art trending on ArtStation, ultra detailed technological city, red smoke, hyper detailed steel and glass building, volumetric fog
insert_cache_4, hyper detailed 3d render like a Oil painting business professionals eating the brain of an average citizen overlooking a group of climate change migrants looking for food, dystopian, Orwellian, cinematic composition, cinematic light, criterion collection, reimagined by industrial light and magic
insert_cache_10, octane render portrait by wayne barlow and carlo crivelli and glenn fabry, subject is a woman wearing a clear iridescent plastic and silver spacesuit with intricate colorful metal helmet, floating inside a futuristic black space station, cinema 4 d, ray traced lighting, very short depth of field, bokeh 
insert_cache_15, alone person tempted by the desperate call of the void, futuristic cityscape, wide shot unreal 5 render, studio ghibli, vivid colors, beautiful sunset, digital art, octane render, beautiful composition, trending on artstation, award winning photograph, masterpiece 
insert_cache_11, dragon standing over a human on a mountain, epic, digital art, fire, evergreen trees, windy, cloak, cloudy, mystical, lotr
insert_cache_51, the world is rotting, digital painting, masterpiece by rembrandt and thomas kinkade and frank frazetta and kentaro miura, by reiq and tite kubo, stylized yet realistic faces and anatomy, advanced lighting technology, beautiful, gorgeous brush strokes 
insert_cache_10, octane render portrait by wayne barlow and carlo crivelli and glenn fabry, a woman wearing a clear plastic suit full of colorful thick fluid full of glitter, standing in front of a giant sheet of tie - dye aluminum foil, cinema 4 d, ray traced lighting, very short depth of field, bokeh 
insert_cache_51, a flock of many puffy white transparent clouds tangled into large twisting blobs of colored glass, abstract environment, lightning, award winning art, epic dreamlike fantasy landscape, ultra realistic, 
insert_cache_40, come as you are as you were as i want you to be as a friend, as a friend as an old enemy take your time hurry up choice is yours don't be late take a rest as a friend as an old memoria memoria memoria memoria come doused in, cinematic lighting, concept!!! art, intricate, 4 k, highly detailed, dramatic 
insert_cache_56, beautiful small cyberpunk robot-scarlet macaw in the deep jungle, with neon color feathers, cinematic view, 8k, ultra realistic, vibrant colors, photo realism, trending artstation, octane render, volumetric lighting, high contrast, intricate, highly detailed, digital painting
insert_cache_56, beautiful small cyberpunk bionic robot-owl in the deep jungle, with big neon color eyes, cinematic view, 8k, ultra realistic, vibrant colors, photo realism, trending artstation, octane render, volumetric lighting, high contrast, intricate, highly detailed, digital painting
insert_cache_11, giant majestic epic dragon on a mountain between the clouds, epic, volumetric light, volumetric fog, extreme details, 8 k, artstation 
insert_cache_25, scifi concept art of a futuristic suburb close - up, by greg rutkowski, modular minimalistic houses, cumulonimbus clouds, sunset, nostalgic, very very very beautiful art, cinematic lighting, bright pastel color, blue sky 
insert_cache_53, a huge ultra detailed flock of many smooth puffy whirling elegant cloud sculptures with turning gemstone crystal sculptures, art nouveau jungle environment, soothing, crepuscular rays, award winning art, epic dreamlike fantasy landscape, ultra realistic, 
insert_cache_53, simplicity, a huge flock of many ornate iridescent puffy filigreed clouds tangled into large whirling ultra detailed crystal specimens, cyberpunk environment, playful, award winning art, epic dreamlike fantasy landscape, ultra realistic, 
hit 99 times, current hit rate is 0.0016662739421685125
insert_cache_44, digital horse, artificial being, glowing circuitboard patterns, retrowave palette, highly detailed, anatomically correct equine, synth feel, digital art 
insert_cache_11, giant majestic epic dragon on a mountain between the clouds, epic, volumetric light, volumetric fog, extreme details, 8 k, artstation, god, fantasy 
insert_cache_10, octane render portrait by wayne barlow and carlo crivelli and glenn fabry, a woman wearing a giant inflated clear plastic suit full of colorful thick fluid containing glitter, inside an underground soviet dance club, fog and atmospheric lighting, cinema 4 d, ray traced lighting, very short depth of field, bokeh 
hit 102 times, current hit rate is 0.001684307865057217
