54, hyperrealistic matte painting of futuristic robot quetzalcoatl, dragon, feathered dragon, flying above the jungle by eddie mendoza, beeple, 4 k, trending on cgsociety 
17, oil painting of a futuristic city near to a big lake, cumulonimbus clouths, sunset, nostalgic, very very very beautiful art, cinematic lighting,, bright pastel color, blue sky 
64, a pig blimp hybrid, steampunk, digital art, extremely detailed, flying over a city, greg rutkowski, cinematic
54, steampunk cybernetic biomechanical butterfly with wings, 3 d model, very coherent symmetrical artwork, unreal engine realistic render, 8 k, micro detail, intricate, elegant, highly detailed, centered, digital painting, artstation, smooth, sharp focus, illustration, artgerm, tomasz alen kopera, wlop 
31, a surreal dreamlike scene of the sky shattering like glass, broken glass shards in the sky, extravagant matte painting, highly detailed oil painting, 8k, devastatingly beautiful atmosphere, elegant cinematic fantasy art, overwhelming depth and detail, magic, vibrant colors, intricate masterpiece
64, an art deco brutalist futuristic scifi spaceship with cargo, high dynamic range, ilm, beeple, star citizen, halo, mass effect, bladerunner, elysium, stephane martiniere 
54, fantasy painting of aztec ruins in a vast jungle, intricate abstract. delicate artwork. by tooth wu, wlop, beeple, dan mumford. octane render, trending on artstation, greg rutkowski very coherent symmetrical artwork. cinematic, hyper realism, high detail, octane render, 8 k, depth of field, bokeh. chrome accents. 
61, a giant horrific titan in the distance, made of flesh and muscles, photograph, picture, photo, 
54, symmetry!! portrait of a hybrid robot eagle, floral! horizon zero dawn machine, intricate, elegant, highly detailed, ray tracing, unreal 5 render, digital painting, artstation, concept art, smooth, sharp focus, illustration, art by greg rutkowski, 8 k 
54, last robot on earth, highly detailed oil painting, unreal 5 render, rhads, bruce pennington, tim hildebrandt, digital art, octane render, beautiful composition, trending on artstation, award - winning photograph, masterpiece 
54, beautiful small steampunk robot-owl in the deep jungle, with neon colors big eyes, cinematic view, 8k, ultra realistic, vibrant colors, photo realism, trending artstation, octane render, volumetric lighting, high contrast, intricate, highly detailed, digital painting, by Artgerm
54, camouflaged painted assassin robot among jungle leaves, ultra realistic, concept art, intricate details, highly detailed by greg rutkowski and artgerm 
61, full portrait and / or landscape painting for a wall. contemporary art print. high taste. old master masterpiece. visual but photorealistic art, polished and fully lit environments ( elements, and characters ), chakra colors, euclid geometry with / and / or fibonacci spacing high definition, axonometric drawings, liminal ( diffusion, spaces, and environments ). latent space environment chirality expression. think like a baby. 
54, steampunk cybernetic biomechanical cecropia moth with wings, 3 d model, very coherent symmetrical artwork, unreal engine realistic render, 8 k, micro detail, intricate, elegant, highly detailed, centered, digital painting, artstation, smooth, sharp focus, illustration, artgerm, tomasz alen kopera, wlop 
64, a film still from jean - pierre jeunet by james paick - a steampunk airship hovers over the city, vibrant, 5 0 mm lens, movie environment design, behance hd, dramatic lighting, cinematic, global illumination, deviant art, trending on artstation, bloom 
31, a beautiful and highly detailed matte painting of a magical fountain in a fantasy garden in a lush forest deep in the mystical mountains, intricate details, epic scale, insanely complex, 8 k, sharp focus, hyperrealism, very realistic, by caspar friedrich, albert bierstadt, james gurney, brian froud, 
64, a large 1 8 th century pirate airship flying among the clouds, soaring through the sky, airship, digital art, pirate ship, vivid colors, artgerm, james gilleard, very beautiful, highly detailed, volumetric lighting, award winning, intricate, trending on art station 
54, steampunk cybernetic biomechanical hornet with wings, 3 d model, very coherent symmetrical artwork, unreal engine realistic render, 8 k, micro detail, intricate, elegant, highly detailed, centered, digital painting, artstation, smooth, sharp focus, illustration, artgerm, tomasz alen kopera, wlop 
24, a digital painting of a robot with flowers, closeup cyberpunk portrait by Filip Hodas, cgsociety, panfuturism, made of flowers, dystopian art, vaporwave
28, the snowy, magical, mystical and foggy forest of vanaheim, scandinavian in winter 1 7 5 6 / norse influenced with magical glowing mushrooms and glowing fireflies and a laughing snowman, cinematic, ray traced, octane render, cinematic lighting, ultrarealistic, featured on artstation, 8 k uhd artwork 
64, balanced masterpiece, steampunk airship above a busy city, exquisite details, denoised, mid view, distant mountains, epic natural light, bright clouds, luminous sky, outer worlds, bright cinematic lighting, art frahm, michael cheval, michael whelan, airbrush digital oil painting, vray, 8 k hd 
63, a huge repetitive flock of many intricate sculptural whirling elegant clouds filigreed twisting turning cloud sculptures, tornadoes, art nouveau craggy wooded environment, soothing, crepuscular, award winning art, epic dreamlike fantasy landscape, ultra realistic, 
61, dream dream dream intricate unreal foreshortened perspective, 3d, time shifting, its a deep dream, refraction, still very photorealistic, suprisingly coherent
23, incredibly powerful girl, created by alphonse mucha, movie poster style, box office hit, a masterpiece of storytelling, main character center focus, sharp focus, no blur, no text, monsters, mech creatures locked in combat, nuclear explosions paint sky, highly detailed 8 k 
64, whale flying over a building, wearing fashion clothing, id magazine, hyperrealism, detailed textures, photorealistic, 3 d city, ultra realistic, cinematic, intricate, cinematic light, unreal engine 8 k, octane render, unreal engine, david kostic, artgerm 
10, Photorealistic Skull covered in thin red strings Surrounded by thick fog and puffy magical clouds that glow from lights in the distance, volumetric lighting, haze, atmosphere, magical lighting, digital art, wallpaper, octane, redshift, creepy, shallow depth of field
64, james paick - a steampunk airship hovers over the city, vibrant, 5 0 mm lens, game environment design, behance hd, dramatic lighting, cinematic, global illumination, deviant art, trending on artstation, bloom 
69, octane render portrait by wayne barlow and carlo crivelli and glenn fabry, subject is a woman covered in tie - dye aluminum foil space suit with a colorful metallic space helmet, surrounded by alien plants, cinema 4 d, ray traced lighting, very short depth of field, bokeh 
61, photograph of a beautiful and handsome transhuman creature, young, male, realistic, detailed, hyper realistic
54, cute steampunk owl with a polygonal library walls and glass ceilings showing the stars and hanging silk drapery and tapestries, light dust, magnificent, close up, details, sharp focus, elegant, highly detailed, illustration, by Jordan Grimmer and greg rutkowski and PiNe(„Éë„Ç§„Éç) and ËñØÂ≠êImoko and È¶ôÂ∑ùÊÇ†‰Ωú and wlop and maya takamura, intricate, beautiful, Trending artstation, pixiv, digital Art
69, octane render portrait by wayne barlow and carlo crivelli and glenn fabry, a woman wearing a clear plastic suit full of colorful thick fluid full of glitter, inside an underground soviet dance club, fog and atmospheric lighting, cinema 4 d, ray traced lighting, very short depth of field, bokeh 
61, epic alien invasion, cinematic 
61, full portrait and / or landscape painting for a wall. high taste. visual but photorealistic art, polished and fully lit environments ( elements, and characters ), chakra colors, euclid geometric with / and / or fibonacci spacing high definition, axonometric drawings, liminal diffusion, liminal spaces and environments, latent space environment chirality expression. think like a baby. 
22,  giant intricate mechanical hedgehog with cybernetic enhancements and visible gears, on the background of a weird magical mechanical forest. Very detailed 8k. Fantasy cyberpunk horror. Sharp. Cinematic post-processing. Unreal engine. Nanite. Ray tracing. Parallax. Tessellation
61, architecture of time, detailed, cinematic lighting, dramatic, beautiful, vibrant, scintillating, wondrous, out of time
54, spring mornings in the low - poly hanging garden of babylon, diffuse lighting, fantasy, intricate, surrealism!!!!, highly detailed, lifelike, photorealistic, digital painting, artstation, illustration, concept art, smooth, sharp focus, by greg rutkowski, benedick bana, dan mumford, tyler edlin 
63, giant tortoise towering over a harsh barren sandy wasteland with a large fantasy castle rising from the top, distant shot angled slightly down, fantasy, hyper detailed, 4 k, howls moving castle, mortal engines, kaiju, 
69, octane render portrait by wayne barlow and carlo crivelli and glenn fabry, subject is a woman covered in tie - dye aluminum foil space suit with a iridescent metallic space helmet, surrounded by alien plants, cinema 4 d, ray traced lighting, very short depth of field, bokeh 
31, a cloaked figure standing on the roof of a building in a cyberpunk city overlooking the entire city, extravagant matte painting, highly detailed oil painting, 8k, devastatingly beautiful atmosphere, elegant cinematic cyberpunk art, overwhelming depth and detail, vibrant neon colors, intricate masterpiece
54, a tiny critter with enormous eyes made of bioluminescence, fantasy, elegant, crisp 8 k line work, emissive lighting, digital painting, artstation, unreal engine, octane render, concept art, matte, sharp focus, illustration, art by rodney matthews 
54, a sci fi fauna creature bio machine by karol bak, james jean, tom bagshaw, rococo, sharp focus, trending on artstation, cinematic lighting, hyper realism, octane render, 8 k, hyper detailed, vivid, ultra detailed, highly detailed 
61, where dreams lead by Jose Daniel Cabrera Pena and Leonid Kozienko, concept art
61, the most amazing dream you ever had about spacious interior with aquariums as walls, hyper realistic, ambient lighting, concept art, intricate, hyper detailed, smooth, dynamic volumetric lighting, octane, cinematic 
12, cyborg squirrel, intricate, digital painting, artstation, intricate, concept art, smooth, sharp focus 
54, a ultradetailed beautiful concept art of the core of a steampunk machine where vegetation have start to peacefully grow, dramatic lighting, dynamic lighting, cinematic lighting, concept art, high resolution 4 k, by tom bagshaw, greg rutkowski, charli bowater and artgeem 
24, a painting of a robot with flowers in his face, a raytraced image by Mike Winkelmann, cgsociety, afrofuturism, made of flowers, cryengine, prerendered graphics
24, closeup, underwater digital painting of a robot wearing a suit made of flowers, character portrait by fillip hodas, cgsociety, panfuturism, made of flowers, holographic, synthwave, vaporwave 
31, nuclear bomb explodes in the center of a city, extremely detailed oil painting, massive destruction, 1 9 2 0's colored pencil, vivid colors, high clarity, highly detailed, highly accurate, abstract, deep aesthetic, 8 k, highly ornate intricate details, cinematic lighting, rich colors, digital artwork, beautiful scenic view, ray tracing, hyperrealistic, photorealistic, cinematic landscape, trending on artstation, concept art, 
69, photography of a futuristic space ballerina, in an colorful alien planet, ultra detail, beautiful light, high detail, 8 k, f / 2. 8, octane render 
54, beautiful small steampunk robot-owl in the deep jungle, neon colors, cinematic view, 8k, ultra realistic, vibrant colors, photo realism, trending artstation, octane render, volumetric lighting, high contrast, intricate, highly detailed, digital painting
61, the sun is staring the earth, surrealism 
50, a huge flock of many elaborate intricate smooth sculptural whirling elegant clouds puffy filigreed twisting turning cloud sculptures, tornadoes, art nouveau military environment, soothing, crepuscular, award winning art, epic dreamlike fantasy landscape, ultra realistic, 
64, a scifi spacecraft hovering above a cybersteelpunk City, volumetric search lights, cinematic lighting, epic composition, rule of thirds, the fifth Element, tekkon kinkreet, akira, rendered by simon st√•lenhag, rendered by Beeple, Makoto Shinkai, syd meade, environment concept, digital art, starwars, raphael lacoste, eddie mendoza, alex ross, concept art, cinematic lighting, , unreal engine, 3 point perspective, WLOP, trending on artstation, low level, 4K UHD image, octane render,
49, ‚Äù scanlines and analog vhs noise and artefacts, [ cinematic, detailed, epic, widescreen, opening, establishing, mattepainting, photorealistic, realistic textures, octane render ] ‚Äù 
54, steampunk cybernetic biomechanical ladybug with wings, 3 d model, very coherent symmetrical artwork, unreal engine realistic render, 8 k, micro detail, intricate, elegant, highly detailed, centered, digital painting, artstation, smooth, sharp focus, illustration, artgerm, tomasz alen kopera, wlop 
64, james paick - a victorian airship under attack over the city, vibrant, 5 0 mm lens, game environment design, behance hd, dramatic lighting, cinematic, global illumination, deviant art, trending on artstation, bloom 
54, cute owl, organic, epic, baroque art nouveau, manga, james jean, mucha, yoshitaka amano, photorealistic rendering, 3 ds max + v - ray, extremely detailed and complex, center composition, elegant, vfx, unreal engine 5, octane rendering, very contrasting, very sharp lines 
54, a robotic fauna by karol bak, james jean, tom bagshaw, rococo, sharp focus, trending on artstation, cinematic lighting, hyper realism, octane render, 8 k, hyper detailed 
11, an roaring blue and white dragon with colorful feather, digital art, moonlight, blue mist, blue smoke, close shot, 
69, octane render portrait by wayne barlow and carlo crivelli and glenn fabry, a giant beautiful woman wearing beautiful armor made out of shiny smooth reflective colorful iridescent metal, inside a giant massive dramatic cavernous art gallery, cinema 4 d, ray traced lighting, very short depth of field, bokeh 
54, beautiful small robot-owl in the deep jungle, with technicolor big eyes, epic bionic cyborg implants of diferent neon colors, epic, cinematic view, 8k, ultra realistic, vibrant colors, photo realism, trending artstation, octane render, volumetric lighting, high contrast, intricate, highly detailed, digital painting
61, she was more like a beauty queen from a movie scene i said don't mind, but what do you mean, i am the one who will dance on the floor in the round she said i am the one, who will dance on the floor in the round she told, cinematic lighting, concept art, intricate, 4 k, highly detailed, dramatic 
54, steampunk cybernetic biomechanical fly with wings, 3 d model, unreal engine realistic render, 8 k, micro detail, intricate, elegant, highly detailed, centered, digital painting, artstation, smooth, sharp focus, illustration, artgerm, tomasz alen kopera, wlop 
54, steampunk robot butterfly, unreal engine realistic render, 8 k, micro detail, intricate, elegant, highly detailed, centered, digital painting, artstation, smooth, sharp focus, illustration, artgerm, tomasz alen kopera, peter mohrbacher, donato giancola, joseph christian leyendecker, wlop, boris vallejo 
17, futuristic floating city in the skies, art station, 4 k 
69, 1 9 7 0's spaghetti western film octane render portrait by wayne barlow and carlo crivelli and glenn fabry, a person wearing a shiny colorful iridescent full - body latex suit and cowboy hat covered in colorful slime, standing in a scenic western landscape, cinema 4 d, ray traced lighting, very short depth of field, bokeh 
24, a beautiful portrait painting of a ( ( ( cyberpunk ) ) ) robot girl by simon stalenhag and pascal blanche and alphonse mucha and nekro. in style of digital art. colorful comic, film noirs, symmetry, brush stroke, vibrating colors, hyper detailed. octane render. trending on artstation 
54, cyborg eagle flying on a glowing forest, extremely detailed digital painting, in the style of fenghua zhong and ruan jia and jeremy lipking and peter mohrbacher, mystical colors, rim light, beautiful lighting, 8 k, stunning scene, raytracing, octane, trending on artstation 
69, octane render portrait by wayne barlow and carlo crivelli and glenn fabry, a giant beautiful woman wearing intricate armor made out of shiny smooth reflective colorful iridescent metal, inside a giant massive dramatic cavernous art gallery, cinema 4 d, ray traced lighting, very short depth of field, bokeh 
61, is this the real life? is this just fantasy? caught in a landside, no escape from reality open your eyes, look up to the skies and see, i'm just a poor boy, i need no sympathy, because i'm easy come, easy go, little high, little low, any way the wind blows doesn't really matter to me, to me, 4 k 
61, a correct IT Network diagram, Realistic, Readable diagram, clear image,
61, mind control by arcane artists, blunt borders 
12, low - poly squirrel, 3 d render, blender, unity, octave, 4 k, isometric view, white background, beautiful render, pastel colours, breath of the wild art style 
61, blueprint of a time machine, detailed 
61, https://media.discordapp.net/attachments/1005596709113561198/1006845135142793328/galaxy_in_the_eye__high_quality_high_details__high_detail_photo_digital_art_-H_1024_-W_1024_-n_9_-i_-S_2107550388_ts-1660120985_idx-0.png magical panda üêº , high quality, high details, üåå, high detail photo, üå†,digital art,
24, a beautiful portrait painting of a ( ( ( cyberpunk ) ) ) skull robot covered with flowers by simon stalenhag and pascal blanche and alphonse mucha!! and nekro. in style of digital art. colorful comic, film noirs, symmetry, brush stroke, vibrating colors, hyper detailed. octane render. trending on artstation 
61, https://media.discordapp.net/attachments/1005596709113561198/1006845135142793328/galaxy_in_the_eye__high_quality_high_details__high_detail_photo_digital_art_-H_1024_-W_1024_-n_9_-i_-S_2107550388_ts-1660120985_idx-0.png galaxy in the eye üëÅÔ∏è , high quality, high details, üåå, high detail photo, üå†,digital art,
61, kodak picture of hell, vivid color, saturated, realistic, cinematic, close shot, stolen footage, 
61, vibrant generative art, neo - andean architecture, polished and fully lit environments elements and characters vibrant colors glistening geometric with fibonacci spacing high definition, axonometric drawings, liminal diffusion, liminal spaces and environments, latent space environment chirality expression. think like a baby. dramatic contrast. matte, sharp focus, illustration, dramatic, cinematic hell burst, hearthstone, art by best artists of all time 
54, glass cyborg, mechanical wings, sci - fi, ornate, highly detailed realistic digital painting by simon stalenhag, hajime sorayama, greg rutkowski, thomas kinkade, craig mullins, artstation. award winning, masterpiece, clean, modern, wires, sharp focus 
61, casual game, concept art 
54, a detailed portrait of an owl assassin dressed with a leather armor, by justin gerard and greg rutkowski, digital art, realistic painting, dnd, character design, trending on artstation 
2, anime, incredible wide screenshot, ultrawide, watercolor, paper texture, intricate, very detailed, ghost in the shell movie scene, girl in a dress walking the beautiful forest town, lanterns, wood bridges, night outdoors, fireflies, fog, dust
50, an amazing award winning photo of ai, very detailed and sharp, 4k hdr, masterpiece
54, cinematic shot of a sci-fi jungle made of trees and animals digital painting, artstation, concept art, soft light, hdri, smooth, sharp focus, illustration, fantasy, intricate, elegant, highly detailed, D&D, matte painting, in the style of Greg Rutkowski and Alphonse Mucha and artemisia, 8k, highly detailed, jurgens, rutkowski, bouguereau, pastoral, rustic, georgic
54, sentient robot, close - up portrait, intricate, elegant, volumetric lighting, scenery, digital painting, highly detailed, artstation, sharp focus, illustration, concept art, luis rollo, ruan jia, steve mccurry, john berkey 
54, sentient robot, inspired by mario feng, intricate, elegant, volumetric lighting, scenery, digital painting, highly detailed, artstation, sharp focus, illustration, concept art, luis rollo, john berkey 
61, Halting machine solution for Reimann hypothesis, mathematically accurate, elaborate proof, extremely detailed
54, beautiful small cyberpunk robot-owl in the deep jungle, with neon color eyes, cinematic view, 8k, ultra realistic, vibrant colors, photo realism, trending artstation, octane render, volumetric lighting, high contrast, intricate, highly detailed, digital painting
54, giant evil, malevolent, cyborg owls snuggling, surrounded by computer screens. steampunk. this 4 k hd image is trending on artstation, featured on behance, well - rendered, extra crisp, features intricate detail and the style of unreal engine. volumetric lighting octane render 
54, hyperrealistic matte painting of futuristic robot quetzalcoatl, flying above the jungle by eddie mendoza, beeple, 4 k, trending on cgsociety 
54, highly detailed sureal cute bird, cinematic, 8 k, octane, redshift, unreal 5, artstation, behance, deviantart, vray, well rendered : 1 by ellen jewett, 4 k resolution, trending on artstation, very very detailed, masterpiece, stunning 
10, portrait of man, his head is fully blurred in smoke vaporizing, vivid sky in background, made andrew chiampo, artstation, frederik heyman, extremely detailed, stunning volumetric lighting,, hyperrealism, 3 d render, octane render, unreal engine, fantasy, intricate detail, 4 k, futuristic, sharp focus, smooth 
24, a human Skull mutating into flowers, tentacles, unnatural shapes, jellyfish tentacles reaching out, coherent human Skull, insect, chaotic octane render, 3d digital art by beeple, unreal engine 5, award winning,
54, steampunk robot madagascar cockroach, 3 d model, unreal engine realistic render, 8 k, micro detail, intricate, elegant, highly detailed, centered, digital painting, artstation, smooth, sharp focus, illustration, artgerm, tomasz alen kopera, wlop 
61, Sun, moon, infinity, pisces, yin Yang
26, You step out of the tent and are about to start running when it suddenly gets incredibly bright, Tents are on fire. you hear screams You look up, Mighty zeppelins hover in the sky above you, cruise missile strikes, a little further away, a camp is bombarded from the air, intricate and epic concept art, highly detailed, 8k, cinematic
54, steampunk cybernetic biomechanical quetzalcoatl with wings, 3 d model, very coherent symmetrical artwork, unreal engine realistic render, 8 k, micro detail, intricate, elegant, highly detailed, centered, digital painting, artstation, smooth, sharp focus, illustration, artgerm, tomasz alen kopera, wlop 
69, An epic beautiful 3D render of an ancient terrifying Cthulhu in space, consuming and eating and destroying a futuristic colorful spacestation.  Bright explosions.  By Ken Fairclough and Dylan Cole, trending on artstation, award winning.  Cinematic, film screenshot directed by Christopher Nolan and Denis Villeneuve.  PBR, path tracing, octane render, highly detailed.
61, fantasy world, concept art
19, The most beautiful panoramic landscape, oil painting, where a giant dreamy waterfall creates a river, it is winding its way through the valley and the trees are starting to bloom in pink colors, the mountains are towering over the valley below their peaks shrouded in mist, the sun is just peeking over the horizon producing an awesome flare and the sky is ablaze with warm colors and stratus clouds, by Greg Rutkowski, aerial view
69, octane render by wayne barlow and carlo crivelli and glenn fabry, a woman in a skintight shiny black spacesuit with intricate iridescent metal detailing, covered in bright colorful alien flora and fauna inside a massive cavernous metal dome, cinema 4 d, ray traced lighting, ultra - detailed, volumetric lighting 
69, realistic portrait of a retro futuristic female soldier with ornate vintage armour and open helmet, still from a movie by Terrence Malick, Tarkovsky, Gaspar Noe, James Cameron, intricate artwork by Tooth Wu and wlop and beeple, greg rutkowski, very coherent symmetrical artwork, cinematic, hyper realism, high detail, octane render, unreal engine, 8k, Vibrant colors, Smooth gradients, High contrast, depth of field
69, octane render portrait by wayne barlow and carlo crivelli and glenn fabry, focus on a woman in a skintight shiny black spacesuit with intricate iridescent metal detailing, covered in bright colorful tropical alien flora inside a massive cavernous metal dome, cinema 4 d, ray traced lighting, very short depth of field, bokeh 
61, clockwork prosthetics, suspended trains, golden sunrises, starry skies, quest for knowledge, friendship, lots of morally grey characters, government VS rebels but there are no real ‚Äúbad guys‚Äù, tall buildings, airships, animated masks, extravagant ballgowns and hats, hidden intentions, more friendship, vampires whose eyes change colour to match their emotions, big *ss eldritch monsters that are just randomly nice to people, complicated conflicts, ace MC, bakery aesthetic, people in power manipulating each other, mad scientists, stars
31, a surreal dreamlike scene of a distant view of an ornate spiral staircase leading to a portal in the sky, extravagant matte painting, highly detailed oil painting, 8k, devastatingly beautiful atmosphere, elegant cinematic fantasy art, overwhelming depth and detail, magic, vibrant colors, intricate masterpiece
10, brutalist architecture in shape of skull, surrounded by lush green forest and murky ponds of water, stunning volumetric lighting, sundown, stunning skies, trending on Artstation, 8k, photorealistic, hyper detailed, unreal engine 5, cinematic, epic lighting, cryengine, octane render, gloomy, foggy, dark
24, a digital painting of a robot with flowers, cyberpunk art by Mike Winkelmann, cgsociety, panfuturism, made of flowers, dystopian art, vaporwave
24, closeup, underwater digital painting of a robot wearing a suit made of flowers, cyberpunk portrait by Filip Hodas, cgsociety, panfuturism, made of flowers, dystopian art, vaporwave
24, a painting of a robot with flowers in his face, a raytraced image by Mike Winkelmann, cgsociety, panfuturism, made of flowers, cryengine, prerendered graphics
24, a painting of a robot with flowers in front of it, a digital painting by Ismail Inceoglu, trending on Artstation, environmental art, made of flowers, reimagined by industrial light and magic, artstation hd
64, realistic extremely detailed photo style portrait painting of an airship over a futuristic city, moebius, brom, ian miller, moody, neon, vibrant colors, octane render, 4 k 
63, a perfect hyperrealist painting of a creature. part man, part squid, in a machine taht is gradually crushing them into a smooth paste. fine art, gallery lighting, solemn, and exquisite 
31, an epic fantastic realism painting of a castle city being devoured by the ocean, 8 k, ultra realistic, lens flare, atmosphere, glow, detailed, intricate, full of colour, cinematic lighting, trending on artstation, 4 k, hyperrealistic, focused, extreme details, unreal engine 5, cinematic, masterpiece 
54, hyperrealistic matte painting of futuristic robot quetzalcoatl, dragon, feathered dragon, flying above the jungle by eddie mendoza, jim burns, ed binkley, beeple, 4 k, trending on cgsociety 
28, a cabin in the woods, octane render
26, a curious explorer discovers a massive sprawling underground city in a huge cave system. city has churches, european - style buildings and big towers, and is really far away, illuminated by dim ambient lighting. waterfalls are flowing between different levels of the city. award winning digital art, concept art, breathtaking, imaginative, detailed. 
24, a painting of a building surrounded by flowers, a watercolor and matte painting by Beeple and RHADS and maxfield parrish, cgsociety, brutalism, dystopian art, sci-fi, artstation hq
26, An alien landscape with mountains made of gems, and strangely shaped trees and plants, photorealism, detailed, intricate,
54, steampunk robot mantodea, 3 d model, unreal engine realistic render, 8 k, micro detail, intricate, elegant, highly detailed, centered, digital painting, artstation, smooth, sharp focus, illustration, artgerm, tomasz alen kopera, wlop 
54, anthropomorphized ((Onagadori chicken)), galactic crusader, detailed bronze armor, fantasy, intricate, elegant, digital painting, trending on artstation, concept art, sharp focus, illustration by Gaston Bussiere and greg rutkowski, beeple
69, octane render portrait by wayne barlow and carlo crivelli and glenn fabry, subject is a woman covered in tie - dye hoodie with iridescent metallic space helmet, surrounded by alien plants, cinema 4 d, ray traced lighting, very short depth of field, bokeh 
24, a robot with chives on his head, cyberpunk art by Mike Winkelmann and beeple, by Filip Honda, trending on cgsociety, panfuturism, made of chives, glitch art, rendered in cinema4d,
22,  giant intricate mechanical hedgehog with cybernetic enhancements and visible gears and fiber optics, on the background of a weird magical mechanical forest. Very detailed 8k. Fantasy cyberpunk horror. Sharp. Cinematic post-processing. Unreal engine. Nanite. Ray tracing. Parallax. Tessellation
24, a digital portrait of a robot with flowers in its head by Mike Winkelmann, cgsociety contest winner, digital art, made of flowers, digital painting, photoillustration
24, an astronaut with a skull head, surrounded by bio - luminescent, glowing peaceful serene sentient solarpunk, plants, fauna, deep jungle. in the style of horizon zero dawn, scattered glowing pink fireflies, by greg rutkowski, beeple, sharp focus, digital painting, concept art 
24, closeup, underwater digital painting of a robot wearing a suit made of flowers, cyberpunk portrait by Filip Hodas, cgsociety, panfuturism, abstract expressionism, scribbles, made of flowers, dystopian art, vaporwave
64, a futuristic image of an alien desert with a gigantic mushroom shaped spaceport with spaceships flying, fine detail, by James clyne and Andr√©e Wallin, foggy, cyberpunk city in the distance, iridescent, artstation, CG society, Ariel view, concept art, extra wide angle, morning light
54, lord of change, extremly detailed digital painting, warhammer 4 0 k, raymond swanland, tomasz alen kopera, unreal engine 5, vibrant colors, intricate, exquisite lighting, highly detailed, rim light, cinematic lighting, art, octane render, very coherent, cinematic, 8 k, trending on artstation 
61, creature design, concept art
64, a large pirate airship flying among the clouds, soaring through the sky, airship, digital art, pirate, vivid colors, atey ghailan, james gilleard, beautiful, highly detailed, trending on art station 
54, steampunk robot dragonflies, unreal engine realistic render, 8 k, micro detail, intricate, elegant, highly detailed, centered, digital painting, artstation, smooth, sharp focus, illustration, artgerm, tomasz alen kopera, wlop 
61, stoned ape theory, psilocybin mushrooms, abstract, evolution 
61, This invention solves the biggest issue facing the world today, product design, concept art
69, octane render portrait by wayne barlow and carlo crivelli and glenn fabry, subject is a woman wearing a clear iridescent plastic and silver spacesuit with intricate colorful metal helmet, floating inside a futuristic black space station, cinema 4 d, ray traced lighting, very short depth of field, bokeh 
64, steampunk zeppelin, concept art, highly detailed, artstation, trending, feng zhu, shaddy safadi, noah bradley, tyler edlin, jordan grimmer, darek zabrocki, neil blevins 
69, octane render portrait by wayne barlow and carlo crivelli and glenn fabry, a woman wearing a clear plastic suit full of colorful thick fluid full of glitter, standing in front of a giant sheet of tie - dye aluminum foil, cinema 4 d, ray traced lighting, very short depth of field, bokeh 
32, a flock of many puffy white transparent clouds tangled into large twisting blobs of colored glass, abstract environment, lightning, award winning art, epic dreamlike fantasy landscape, ultra realistic, 
61, come as you are as you were as i want you to be as a friend, as a friend as an old enemy take your time hurry up choice is yours don't be late take a rest as a friend as an old memoria memoria memoria memoria come doused in, cinematic lighting, concept!!! art, intricate, 4 k, highly detailed, dramatic 
54, beautiful small cyberpunk robot-scarlet macaw in the deep jungle, with neon color feathers, cinematic view, 8k, ultra realistic, vibrant colors, photo realism, trending artstation, octane render, volumetric lighting, high contrast, intricate, highly detailed, digital painting
54, beautiful small cyberpunk bionic robot-owl in the deep jungle, with big neon color eyes, cinematic view, 8k, ultra realistic, vibrant colors, photo realism, trending artstation, octane render, volumetric lighting, high contrast, intricate, highly detailed, digital painting
61, sailing into the past, the milky way bright in the sky, regrets deep on the face, gray and blue tones, wide angle, high depth 
54, a ultradetailed beautiful concept art of the core of a intricate steampunk machine where vegetation have start to peacefully grow in harmony with the machine, dynamic lighting, cinematic lighting, concept art, high resolution 4 k, by tom bagshaw, greg rutkowski, charli bowater and artgeem 
63, simplicity, a huge flock of many ornate iridescent puffy filigreed clouds tangled into large whirling ultra detailed crystal specimens, cyberpunk environment, playful, award winning art, epic dreamlike fantasy landscape, ultra realistic, 
69, octane render portrait by wayne barlow and carlo crivelli and glenn fabry, a woman wearing a giant inflated clear plastic suit full of colorful thick fluid containing glitter, inside an underground soviet dance club, fog and atmospheric lighting, cinema 4 d, ray traced lighting, very short depth of field, bokeh 
hit rate is 0.003253528395449548