insert_cache_4, atmospheric psychedelic breathtaking glowing translucent enchanting 
insert_cache_4, atmospheric psychedelic breathtaking glowing translucent enchanting 
insert_cache_4, atmospheric psychedelic breathtaking glowing translucent enchanting 
insert_cache_4, atmospheric psychedelic breathtaking glowing translucent enchanting 
insert_cache_4, a cloak blown by the wind 
insert_cache_4, big baby the rapper 
insert_cache_4, artwork by mr cartoon 
insert_cache_4, artwork by mr cartoon 
insert_cache_4, artwork by mr cartoon 
insert_cache_4, artwork by mr cartoon 
insert_cache_4, nightcore by davinci 
insert_cache_4, nightcore by davinci 
insert_cache_4, nightcore by davinci 
insert_cache_4, nightcore by davinci 
insert_cache_4, nightcore by davinci 
insert_cache_4, nightcore by davinci 
insert_cache_4, nightcore by davinci 
insert_cache_4, nightcore by davinci 
insert_cache_4, portrait of the average british person 
insert_cache_4, your brain on adderall 
insert_cache_4, your brain on adderall 
insert_cache_4, your brain on adderall 
insert_cache_4, your brain on adderall 
insert_cache_4, nightcore 
insert_cache_4, nightcore 
insert_cache_4, nightcore 
insert_cache_4, impressive art by rubens 
insert_cache_4, nightcore 
insert_cache_4, reverse piano 
insert_cache_4, reverse piano 
insert_cache_4, reverse piano 
insert_cache_4, reverse piano 
insert_cache_4, a very real engine 
insert_cache_4, tak the power of juju, detailed facial expression, cinema still 
insert_cache_4, tak the power of juju, detailed facial expression, cinema still 
insert_cache_4, tak the power of juju, detailed facial expression, cinema still 
insert_cache_4, tak the power of juju, detailed facial expression, cinema still 
insert_cache_4, a loaf of bread 
insert_cache_4, ü§® 
insert_cache_4, oogala boogala 
insert_cache_4, harry potters new job 
insert_cache_4, cartoon booger 
insert_cache_4, kazekaze 
insert_cache_4, kazekaze 
insert_cache_4, kazekaze 
insert_cache_4, kazekaze 
insert_cache_4, araslek 
insert_cache_4, super hero by alan moore, 
insert_cache_4, super hero by alan moore, 
insert_cache_4, super hero by alan moore, 
insert_cache_4, super hero by alan moore, 
insert_cache_4, tonight i'm gonna have myself a real good time i feel alive and the world i'll turn it inside out, yeah i'm floating around in ecstasy 
insert_cache_4, tonight i'm gonna have myself a real good time i feel alive and the world i'll turn it inside out, yeah i'm floating around in ecstasy 
insert_cache_4, tonight i'm gonna have myself a real good time i feel alive and the world i'll turn it inside out, yeah i'm floating around in ecstasy 
insert_cache_4, tonight i'm gonna have myself a real good time i feel alive and the world i'll turn it inside out, yeah i'm floating around in ecstasy 
insert_cache_4, gta style house 
insert_cache_4, anthropomorphic spoon 
insert_cache_4, anthropomorphic spoon 
insert_cache_4, anthropomorphic spoon 
insert_cache_4, anthropomorphic spoon 
insert_cache_4, üß®üî™ 
insert_cache_4, üß®üî™ 
insert_cache_4, üß®üî™ 
insert_cache_4, üß®üî™ 
insert_cache_4, anime, anime, anime, anime, anime, anime, anime, anime, anime, anime, anime, anime, anime, anime, anime, anime, anime, anime, anime, anime, anime 
insert_cache_4, breaking bad meme 
insert_cache_4, breaking bad meme 
insert_cache_4, breaking bad meme 
insert_cache_4, breaking bad meme 
insert_cache_4, üê£ 
insert_cache_4, jungkook 
insert_cache_4, geometric constructions 
insert_cache_4, geometric constructions 
insert_cache_4, geometric constructions 
insert_cache_4, geometric constructions 
insert_cache_4, damn i hate censorship 
insert_cache_4, portrait of 
insert_cache_4, portrait of 
insert_cache_4, portrait of 
insert_cache_4, portrait of 
insert_cache_4, the sound of music 
insert_cache_4, pattern, like a texture, just off 
insert_cache_4, checkerboard 
insert_cache_4, blurry texture pattern 
insert_cache_4, undefined 
insert_cache_4, undefined 
insert_cache_4, undefined 
insert_cache_4, undefined 
insert_cache_4, time moving to the future glorifying the past time moving to the future glorifying the past time moving to the future glorifying the past time moving to the future glorifying the past, maximalist dreamy abstract retropunk futurepunk 
insert_cache_4, time moving to the future glorifying the past time moving to the future glorifying the past time moving to the future glorifying the past time moving to the future glorifying the past, maximalist dreamy abstract retropunk futurepunk 
insert_cache_4, some blue lines and a dot 
insert_cache_4, time moving to the future glorifying the past time moving to the future glorifying the past time moving to the future glorifying the past time moving to the future glorifying the past, maximalist dreamy abstract retropunk futurepunk 
insert_cache_4, time moving to the future glorifying the past time moving to the future glorifying the past time moving to the future glorifying the past time moving to the future glorifying the past, maximalist dreamy abstract retropunk futurepunk 
insert_cache_4, time time time time time moving to the future future future future future glorifying glorifying glorifying glorifying the past past past past past, maximalist dreamy abstract retropunk futurepunk 
insert_cache_4, time time time time time moving to the future future future future future glorifying glorifying glorifying glorifying the past past past past past, maximalist dreamy abstract retropunk futurepunk 
insert_cache_4, a person realizing he will die one day, despair, loneliness, sadness, empthyness 
insert_cache_4, a person realizing he will die one day, despair, loneliness, sadness, empthyness 
insert_cache_4, a person realizing he will die one day, despair, loneliness, sadness, empthyness 
insert_cache_4, time time time time time moving to the future future future future future glorifying glorifying glorifying glorifying the past past past past past, maximalist dreamy abstract retropunk futurepunk 
hit 99 times, current hit rate is 0.024246877296105803
insert_cache_4, time time time time time moving to the future future future future future glorifying glorifying glorifying glorifying the past past past past past, maximalist dreamy abstract retropunk futurepunk 
insert_cache_4, a person realizing he will die one day, despair, loneliness, sadness, empthyness 
insert_cache_4, a mother is told her kids are missing, despair, loneliness, sadness, empthyness 
insert_cache_4, a mother is told her kids are missing, despair, loneliness, sadness, empthyness 
insert_cache_4, a mother is told her kids are missing, despair, loneliness, sadness, empthyness 
insert_cache_4, a mother is told her kids are missing, despair, loneliness, sadness, empthyness 
insert_cache_4, time time time time time moving to the future future future future future glorifying glorifying glorifying glorifying the past past past past past, maximalist dreamy abstract retropunk futurepunk clockpunk 
insert_cache_4, time time time time time moving to the future future future future future glorifying glorifying glorifying glorifying the past past past past past, maximalist dreamy abstract retropunk futurepunk clockpunk 
insert_cache_4, time time time time time moving to the future future future future future glorifying glorifying glorifying glorifying the past past past past past, maximalist dreamy abstract retropunk futurepunk clockpunk 
insert_cache_4, time time time time time moving to the future future future future future glorifying glorifying glorifying glorifying the past past past past past, maximalist dreamy abstract retropunk futurepunk clockpunk 
insert_cache_4, time time time time time moving to the future future future future future glorifying glorifying glorifying glorifying the past past past past past, portals!!!!!!!!!!!!!!!!!!, maximalist dreamy abstract retropunk futurepunk clockpunk 
insert_cache_4, time time time time time moving to the future future future future future glorifying glorifying glorifying glorifying the past past past past past, portals!!!!!!!!!!!!!!!!!!, maximalist dreamy abstract retropunk futurepunk clockpunk 
insert_cache_4, time time time time time moving to the future future future future future glorifying glorifying glorifying glorifying the past past past past past, portals!!!!!!!!!!!!!!!!!!, maximalist dreamy abstract retropunk futurepunk clockpunk 
insert_cache_4, time time time time time moving to the future future future future future glorifying glorifying glorifying glorifying the past past past past past, portals!!!!!!!!!!!!!!!!!!, maximalist dreamy abstract retropunk futurepunk clockpunk 
insert_cache_4, dog 
insert_cache_4, time time time time time moving to the future future future future future glorifying glorifying glorifying glorifying the past past past past past, portals!!!!!!!!!!!!!!!!!!, minimalist dreamy abstract retropunk futurepunk clockpunk 
insert_cache_4, time time time time time moving to the future future future future future glorifying glorifying glorifying glorifying the past past past past past, portals!!!!!!!!!!!!!!!!!!, minimalist dreamy abstract retropunk futurepunk clockpunk 
insert_cache_4, dog 
insert_cache_4, dog 
insert_cache_4, time time time time time moving to the future future future future future glorifying glorifying glorifying glorifying the past past past past past, portals!!!!!!!!!!!!!!!!!!, minimalist dreamy abstract retropunk futurepunk clockpunk 
insert_cache_4, time time time time time moving to the future future future future future glorifying glorifying glorifying glorifying the past past past past past, portals!!!!!!!!!!!!!!!!!!, minimalist dreamy abstract retropunk futurepunk clockpunk 
insert_cache_4, dog 
insert_cache_4, time time time time time moving to the future future future future future glorifying glorifying glorifying glorifying the past past past past past, portals!!!!!!!!!!!!!!!!!!, maximalist dreamy abstract retropunk futurepunk clockpunk 
insert_cache_4, time time time time time moving to the future future future future future glorifying glorifying glorifying glorifying the past past past past past, portals!!!!!!!!!!!!!!!!!!, maximalist dreamy abstract retropunk futurepunk clockpunk 
insert_cache_4, time time time time time moving to the future future future future future glorifying glorifying glorifying glorifying the past past past past past, portals!!!!!!!!!!!!!!!!!!, maximalist dreamy abstract retropunk futurepunk clockpunk 
insert_cache_4, time time time time time moving to the future future future future future glorifying glorifying glorifying glorifying the past past past past past, portals!!!!!!!!!!!!!!!!!!, maximalist dreamy abstract retropunk futurepunk clockpunk 
insert_cache_4, time time time time time moving to the future future future future future glorifying glorifying glorifying glorifying the past past past past past, portals!!!!!!!!!!!!!!!!!!, maximalist dreamy abstract retropunk futurepunk clockpunk 
insert_cache_4, time time time time time moving to the future future future future future glorifying glorifying glorifying glorifying the past past past past past, portals!!!!!!!!!!!!!!!!!!, maximalist dreamy abstract retropunk futurepunk clockpunk 
insert_cache_4, time time time time time moving to the future future future future future glorifying glorifying glorifying glorifying the past past past past past, portals!!!!!!!!!!!!!!!!!!, maximalist dreamy abstract retropunk futurepunk clockpunk 
insert_cache_4, time time time time time moving to the future future future future future glorifying glorifying glorifying glorifying the past past past past past, portals!!!!!!!!!!!!!!!!!!, maximalist dreamy abstract retropunk futurepunk clockpunk 
insert_cache_4, time time time time time moving to the future future future future future glorifying glorifying glorifying glorifying the past past past past past, portals!!!!!!!!!!!!!!!!!!, maximalist dreamy abstract retropunk futurepunk clockpunk 
insert_cache_4, time time time time time moving to the future future future future future glorifying glorifying glorifying glorifying the past past past past past, portals!!!!!!!!!!!!!!!!!!, maximalist dreamy abstract retropunk futurepunk clockpunk 
insert_cache_4, time time time time time moving to the future future future future future glorifying glorifying glorifying glorifying the past past past past past, portals!!!!!!!!!!!!!!!!!!, maximalist dreamy abstract retropunk futurepunk clockpunk 
insert_cache_4, time time time time time moving to the future future future future future glorifying glorifying glorifying glorifying the past past past past past, portals!!!!!!!!!!!!!!!!!!, maximalist dreamy abstract retropunk futurepunk clockpunk 
insert_cache_4, time time time time time time time time moving to the future future future future future glorifying glorifying glorifying the past past past past past past past past, portals!!!!!!!!!!!!!!!!!!, maximalist dreamy abstract retropunk futurepunk clockpunk 
insert_cache_4, time time time time time time time time moving to the future future future future future glorifying glorifying glorifying the past past past past past past past past, portals!!!!!!!!!!!!!!!!!!, maximalist dreamy abstract retropunk futurepunk clockpunk 
insert_cache_4, time time time time time time time time moving to the future future future future future glorifying glorifying glorifying the past past past past past past past past, portals!!!!!!!!!!!!!!!!!!, maximalist dreamy abstract retropunk futurepunk clockpunk 
insert_cache_4, time time time time time time time time moving to the future future future future future glorifying glorifying glorifying the past past past past past past past past, portals!!!!!!!!!!!!!!!!!!, maximalist dreamy abstract retropunk futurepunk clockpunk 
insert_cache_4, lakes of fire 
insert_cache_4, lakes of fire 
insert_cache_4, lakes of fire 
insert_cache_4, lakes of fire 
insert_cache_4, lakes of fire 
insert_cache_4, lost city of atlantis, water, gold, damaged 
insert_cache_4, lost city of atlantis, water, gold, damaged 
insert_cache_4, william kent stylized 
insert_cache_4, lost city of atlantis, water, gold, damaged 
insert_cache_4, lost city of atlantis, water, gold, damaged 
insert_cache_4, minecraft 2 beta 
insert_cache_4, minecraft 2 beta 
insert_cache_4, minecraft 2 beta 
insert_cache_4, minecraft 2 beta 
insert_cache_4, copy and pasted image 
insert_cache_4, all in all there is another brick in the wall 
insert_cache_4, spooky pattern 
insert_cache_4, spooky pattern 
insert_cache_4, spooky pattern 
insert_cache_4, spooky pattern 
insert_cache_4, ü§ì 
insert_cache_4, World War 4
insert_cache_4, cursed video nana82573
insert_cache_4, cursed video nana82573
insert_cache_4, cursed video nana82573
insert_cache_4, cursed video nana82573
insert_cache_4, cursed video nana82573
insert_cache_4, cursed video nana82573
insert_cache_4, cursed video nana82573
insert_cache_4, cursed video nana82573
insert_cache_4, cursed video nana82573
insert_cache_4,  A portrait of a wizard 
insert_cache_4,  A portrait of a wizard 
insert_cache_4,  A portrait of a wizard 
insert_cache_4,  A portrait of a wizard 
insert_cache_4,  A portrait of a wizard 
insert_cache_4,  A portrait of a wizard 
insert_cache_4,  A portrait of a wizard 
insert_cache_4,  A portrait of a wizard 
insert_cache_4,  A portrait of a wizard 
insert_cache_4, Jeff Bezos on
insert_cache_4, A person dreaming of making prompts
insert_cache_4, a close up shot of a page from the bible, written in hebrew, 4k, detailed
insert_cache_4, a close up shot of a page from the bible, written in hebrew, 4k, detailed
insert_cache_4, a close up shot of a page from the bible, written in hebrew, 4k, detailed
insert_cache_4, a close up shot of a page from the bible, written in hebrew, 4k, detailed
insert_cache_4, a close up shot of a page from the bible, written in hebrew, 4k, detailed
insert_cache_4, a close up shot of a page from the bible, written in hebrew, 4k, detailed
insert_cache_4, a close up shot of a page from the bible, written in hebrew, 4k, detailed
insert_cache_4, a close up shot of a page from the bible, written in hebrew, 4k, detailed
insert_cache_4, a close up shot of a page from the bible, written in hebrew, 4k, detailed
insert_cache_4, ishowspeed
insert_cache_4, ishowspeed
insert_cache_4, ishowspeed
insert_cache_4, ishowspeed
insert_cache_4, ishowspeed
insert_cache_4, ishowspeed
insert_cache_4, ishowspeed
insert_cache_4, ishowspeed
insert_cache_4, ishowspeed
insert_cache_4, testing 123
insert_cache_4, test
hit 199 times, current hit rate is 0.02296860572483841
insert_cache_4, better call saul
insert_cache_4, water
insert_cache_4, water girl
insert_cache_4, flying high on weed, peaceful
insert_cache_4, flying high on weed, peaceful
insert_cache_4, flying high on weed, peaceful
insert_cache_4, flying high on weed, peaceful
insert_cache_4, flying high on weed, peaceful
insert_cache_4, flying high on weed, peaceful
insert_cache_4, flying high on weed, peaceful
insert_cache_4, flying high on weed, peaceful
insert_cache_4, flying high on weed, peaceful
insert_cache_4, The house of wishes
insert_cache_4, The house of wishes
insert_cache_4, The house of wishes
insert_cache_4, The house of wishes
insert_cache_4, The house of wishes
insert_cache_4, The house of wishes
insert_cache_4, The house of wishes
insert_cache_4, The house of wishes
insert_cache_4, The house of wishes
insert_cache_4, photo cat
insert_cache_4, Hellion
insert_cache_4, Hellion
insert_cache_4, Hellion
insert_cache_4, Hellion
insert_cache_4, Hellion
insert_cache_4, Hellion
insert_cache_4, Hellion
insert_cache_4, Hellion
insert_cache_4, Hellion
insert_cache_4, photography cat
insert_cache_4, photography cat
insert_cache_4, recreating the album cover for nct 127's 2017 EP cherry bomb, keep the same energy but make it more cohesive and artistic,
insert_cache_4, recreating the album cover for nct 127's 2017 EP cherry bomb, keep the same energy but make it more cohesive and artistic,
insert_cache_4, recreating the album cover for nct 127's 2017 EP cherry bomb, keep the same energy but make it more cohesive and artistic,
insert_cache_4, recreating the album cover for nct 127's 2017 EP cherry bomb, keep the same energy but make it more cohesive and artistic,
insert_cache_4, recreating the album cover for nct 127's 2017 EP cherry bomb, keep the same energy but make it more cohesive and artistic,
insert_cache_4, recreating the album cover for nct 127's 2017 EP cherry bomb, keep the same energy but make it more cohesive and artistic,
insert_cache_4, recreating the album cover for nct 127's 2017 EP cherry bomb, keep the same energy but make it more cohesive and artistic,
insert_cache_4, recreating the album cover for nct 127's 2017 EP cherry bomb, keep the same energy but make it more cohesive and artistic,
insert_cache_4, recreating the album cover for nct 127's 2017 EP cherry bomb, keep the same energy but make it more cohesive and artistic,
insert_cache_4, blackpink not being in my area, high-res, menacing,
insert_cache_4, me not being able to come with good prompts because i'm tired as hell, my head in my hand, forcing myself to come up with something creative,
insert_cache_4, me not being able to come with good prompts because i'm tired as hell, my head in my hand, forcing myself to come up with something creative,
insert_cache_4, me not being able to come with good prompts because i'm tired as hell, my head in my hand, forcing myself to come up with something creative,
insert_cache_4, me not being able to come with good prompts because i'm tired as hell, my head in my hand, forcing myself to come up with something creative,
insert_cache_4, me not being able to come with good prompts because i'm tired as hell, my head in my hand, forcing myself to come up with something creative,
insert_cache_4, me not being able to come with good prompts because i'm tired as hell, my head in my hand, forcing myself to come up with something creative,
insert_cache_4, me not being able to come with good prompts because i'm tired as hell, my head in my hand, forcing myself to come up with something creative,
insert_cache_4, me not being able to come with good prompts because i'm tired as hell, my head in my hand, forcing myself to come up with something creative,
insert_cache_4, me not being able to come with good prompts because i'm tired as hell, my head in my hand, forcing myself to come up with something creative,
insert_cache_4, The world cracked
insert_cache_4, the tree of death
insert_cache_4, the tree of death
insert_cache_4, the tree of death
insert_cache_4, the tree of death
insert_cache_4, the tree of death
insert_cache_4, the tree of death
insert_cache_4, the tree of death
insert_cache_4, the tree of death
insert_cache_4, the tree of death
insert_cache_4, drama total cartoon
insert_cache_4, drama total cartoon
insert_cache_4, drama total cartoon
insert_cache_4, drama total cartoon
insert_cache_4, drama total cartoon
insert_cache_4, drama total cartoon
insert_cache_4, drama total cartoon
insert_cache_4, drama total cartoon
insert_cache_4, drama total cartoon
insert_cache_4, my money don't jiggle jiggle, surrealism
insert_cache_4, image by todd mcfarlane
insert_cache_4, sonic.exe
insert_cache_4, image by todd mcfarlane
insert_cache_4, image by todd mcfarlane
insert_cache_4, image by todd mcfarlane
insert_cache_4, image by todd mcfarlane
insert_cache_4, image by todd mcfarlane
insert_cache_4, image by todd mcfarlane
insert_cache_4, image by todd mcfarlane
insert_cache_4, image by todd mcfarlane
insert_cache_4, dog
insert_cache_4, dog
insert_cache_4, dog
insert_cache_4, seoifjesofijesoseifje soijsef oiesj seoifj09343 4t94390t 3t43t4t4 irdjgdrlg oigrvna
insert_cache_4, seoifjesofijesoseifje soijsef oiesj seoifj09343 4t94390t 3t43t4t4 irdjgdrlg oigrvna
insert_cache_4, seoifjesofijesoseifje soijsef oiesj seoifj09343 4t94390t 3t43t4t4 irdjgdrlg oigrvna
insert_cache_4, seoifjesofijesoseifje soijsef oiesj seoifj09343 4t94390t 3t43t4t4 irdjgdrlg oigrvna
insert_cache_4, seoifjesofijesoseifje soijsef oiesj seoifj09343 4t94390t 3t43t4t4 irdjgdrlg oigrvna
insert_cache_4, seoifjesofijesoseifje soijsef oiesj seoifj09343 4t94390t 3t43t4t4 irdjgdrlg oigrvna
insert_cache_4, seoifjesofijesoseifje soijsef oiesj seoifj09343 4t94390t 3t43t4t4 irdjgdrlg oigrvna
insert_cache_4, seoifjesofijesoseifje soijsef oiesj seoifj09343 4t94390t 3t43t4t4 irdjgdrlg oigrvna
insert_cache_4, seoifjesofijesoseifje soijsef oiesj seoifj09343 4t94390t 3t43t4t4 irdjgdrlg oigrvna
insert_cache_4, Jakerton
insert_cache_4, uncanny valley 
insert_cache_4, uncanny valley 
insert_cache_4, uncanny valley 
insert_cache_4, uncanny valley 
insert_cache_4, uncanny valley 
hit 299 times, current hit rate is 0.024406170924822463
insert_cache_4, Infinity & beyond, energy waves, arcane, ethereal
insert_cache_4, uncanny valley 
insert_cache_4, uncanny valley 
insert_cache_4, uncanny valley 
insert_cache_4, uncanny valley 
insert_cache_4, A dog-like monster
insert_cache_4, photograph of an incredibly detailed photorealistic and incredibly photorealistic SCP-173
insert_cache_4, Quit Your Job. Buy A Ticket. Get A Tan. Fall In Love. Never Return
insert_cache_4, Quit Your Job. Buy A Ticket. Get A Tan. Fall In Love. Never Return
insert_cache_4, Quit Your Job. Buy A Ticket. Get A Tan. Fall In Love. Never Return
insert_cache_4, Quit Your Job. Buy A Ticket. Get A Tan. Fall In Love. Never Return
insert_cache_4, Quit Your Job. Buy A Ticket. Get A Tan. Fall In Love. Never Return
insert_cache_4, Quit Your Job. Buy A Ticket. Get A Tan. Fall In Love. Never Return
insert_cache_4, A depressing landscape, realistic.
insert_cache_4, idubbbzTV, HD, high detailed, 4k
insert_cache_4, idubbbzTV, HD, high detailed, 4k
insert_cache_4, idubbbzTV, HD, high detailed, 4k
insert_cache_4, idubbbzTV, HD, high detailed, 4k
insert_cache_4, idubbbzTV, HD, high detailed, 4k
insert_cache_4, idubbbzTV, HD, high detailed, 4k
insert_cache_4, idubbbzTV, HD, high detailed, 4k
insert_cache_4, idubbbzTV, HD, high detailed, 4k
insert_cache_4, idubbbzTV, HD, high detailed, 4k
insert_cache_4, fat chuck origin story
insert_cache_4, a sega genesis 
insert_cache_4, a sega genesis 
insert_cache_4, a sega genesis 
insert_cache_4, a sega genesis 
insert_cache_4, a sega genesis 
insert_cache_4, a sega genesis 
insert_cache_4, a sega genesis 
insert_cache_4, a sega genesis 
insert_cache_4, a sega genesis 
insert_cache_4, a 2d plataform videogame
insert_cache_4, a 2d plataform videogame
insert_cache_4, a 2d plataform videogame
insert_cache_4, of a man who Quit his Job, Get A Tan, Fall In Love and Never Return, in the style of a movie poster
insert_cache_4, of a man who Quit his Job, Get A Tan, Fall In Love and Never Return, in the style of a movie poster
insert_cache_4, of a man who Quit his Job, Get A Tan, Fall In Love and Never Return, in the style of a movie poster
insert_cache_4, of a man who Quit his Job, Get A Tan, Fall In Love and Never Return, in the style of a movie poster
insert_cache_4, a 2d plataform videogame
insert_cache_4, a 2d plataform videogame
insert_cache_4, a 2d plataform videogame
insert_cache_4, a 2d plataform videogame
insert_cache_4, of a man who Quit his Job, Get A Tan, Fall In Love and Never Return, in the style of a movie poster
insert_cache_4, a 2d plataform videogame
insert_cache_4, of a man who Quit his Job, Get A Tan, Fall In Love and Never Return, in the style of a movie poster
insert_cache_4, a 2d plataform videogame
insert_cache_4, a beat em up videogame
insert_cache_4, a beat em up videogame
insert_cache_4, a beat em up videogame
insert_cache_4, a beat em up videogame
insert_cache_4, a beat em up videogame
insert_cache_4, a beat em up videogame
insert_cache_4, a beat em up videogame
insert_cache_4, a beat em up videogame
insert_cache_4, a beat em up videogame
insert_cache_4, A photo of a horrifying and ominous large pitch black cloud of nothingness, horror movie, fantasy, epic
insert_cache_4, Le renouveau, ou aussi dit le nouveau d√©part, de stable diffusion, une intelligence artitifielle super m√©ga cool, r√©aliste, photographie moderne.
insert_cache_4, A photo of a Great Old One hosting a cooking show on the food network
insert_cache_4, 100 canker sores
insert_cache_4, 100 canker sores
insert_cache_4, 100 canker sores
insert_cache_4, 100 canker sores
insert_cache_4, 100 canker sores
insert_cache_4, 100 canker sores
insert_cache_4, 100 canker sores
insert_cache_4, 100 canker sores
insert_cache_4, 100 canker sores
insert_cache_4, Stable diffusion the hyperpowerfull AI
insert_cache_4, canker sore mouth ulcer painful ouch this hurts inside mouth 4k photography extremely detailed
insert_cache_4, canker sore mouth ulcer painful ouch this hurts inside mouth 4k photography extremely detailed
insert_cache_4, canker sore mouth ulcer painful ouch this hurts inside mouth 4k photography extremely detailed
insert_cache_4, canker sore mouth ulcer painful ouch this hurts inside mouth 4k photography extremely detailed
insert_cache_4, canker sore mouth ulcer painful ouch this hurts inside mouth 4k photography extremely detailed
insert_cache_4, canker sore mouth ulcer painful ouch this hurts inside mouth 4k photography extremely detailed
insert_cache_4, canker sore mouth ulcer painful ouch this hurts inside mouth 4k photography extremely detailed
insert_cache_4, canker sore mouth ulcer painful ouch this hurts inside mouth 4k photography extremely detailed
insert_cache_4, canker sore mouth ulcer painful ouch this hurts inside mouth 4k photography extremely detailed
insert_cache_4, a new design for the Microsoft logo
insert_cache_4, A wizard's laboratory
insert_cache_4, A wizard's laboratory
insert_cache_4, A wizard's laboratory
insert_cache_4, A wizard's laboratory
insert_cache_4, Face of god portrayed in the galaxy
insert_cache_4, A young boy has worked his entire way up becoming a politician, then succeeding to unite the entire globe under 1 nation, somewhere he does a speech, and someone that in that time is the best painter makes a portrait of the Leader with all the people and armies infront of him, the painting is of very high quality and a lot of coherency
insert_cache_4, the ‚Äúman‚Äù at the bottom of the sea
insert_cache_4, the ‚Äúman‚Äù at the bottom of the sea
insert_cache_4, the ‚Äúman‚Äù at the bottom of the sea
insert_cache_4, the ‚Äúman‚Äù at the bottom of the sea
insert_cache_4, the ‚Äúman‚Äù at the bottom of the sea
insert_cache_4, the ‚Äúman‚Äù at the bottom of the sea
insert_cache_4, the ‚Äúman‚Äù at the bottom of the sea
insert_cache_4, the ‚Äúman‚Äù at the bottom of the sea
insert_cache_4, the ‚Äúman‚Äù at the bottom of the sea
insert_cache_4, earth after human extinction, a new beginning, nature taking back the planet, harmony, peace, earth balanced blur, people, humans, pollution
insert_cache_4, someone is stealing my images, can A. I. stop them. show me
insert_cache_4, beautiful female
insert_cache_4, beautiful female
insert_cache_4, beautiful female
hit 399 times, current hit rate is 0.027172432579678562
insert_cache_4, beautiful female
insert_cache_4, beautiful female
insert_cache_4, beautiful female
insert_cache_4, beautiful female
insert_cache_4, beautiful female
insert_cache_4, beautiful female
insert_cache_4,  a Renaissance painting  robots
insert_cache_4,  a Renaissance painting  robots
insert_cache_4,  a Renaissance painting  robots
insert_cache_4,  a Renaissance painting  robots
insert_cache_4,  a Renaissance painting  robots
insert_cache_4,  a Renaissance painting  robots
insert_cache_4,  a Renaissance painting  robots
insert_cache_4,  a Renaissance painting  robots
insert_cache_4,  a Renaissance painting  robots
insert_cache_4, Los videos de promos mas calientes
insert_cache_4, Los videos de promos mas calientes
insert_cache_4, Los videos de promos mas calientes
insert_cache_4, Los videos de promos mas calientes
insert_cache_4, Los videos de promos mas calientes
insert_cache_4, Los videos de promos mas calientes
insert_cache_4, Los videos de promos mas calientes
insert_cache_4, Los videos de promos mas calientes
insert_cache_4, Los videos de promos mas calientes
insert_cache_4, logan w hall
insert_cache_4,  backrooms mall 
insert_cache_4,  backrooms mall 
insert_cache_4,  backrooms mall 
insert_cache_4,  backrooms mall 
insert_cache_4,  backrooms mall 
insert_cache_4,  backrooms mall 
insert_cache_4,  backrooms mall 
insert_cache_4,  backrooms mall 
insert_cache_4,  backrooms mall 
insert_cache_4,  liminal spaces mall
insert_cache_4,  liminal spaces mall
insert_cache_4,  liminal spaces mall
insert_cache_4,  liminal spaces mall
insert_cache_4,  liminal spaces mall
insert_cache_4,  liminal spaces mall
insert_cache_4,  liminal spaces mall
insert_cache_4,  liminal spaces mall
insert_cache_4,  liminal spaces mall
insert_cache_4,   a white room full of spiders and centipedes 
insert_cache_4,   a white room full of spiders and centipedes 
insert_cache_4,   a white room full of spiders and centipedes 
insert_cache_4,   a white room full of spiders and centipedes 
insert_cache_4,   a white room full of spiders and centipedes 
insert_cache_4,   a white room full of spiders and centipedes 
insert_cache_4,   a white room full of spiders and centipedes 
insert_cache_4,   a white room full of spiders and centipedes 
insert_cache_4,   a white room full of spiders and centipedes 
insert_cache_4,   a white room full of spiders and centipedes 
insert_cache_4,   a white room full of spiders and centipedes 
insert_cache_4,   a white room full of spiders and centipedes 
insert_cache_4,   a white room full of spiders and centipedes 
insert_cache_4,   a white room full of spiders and centipedes 
insert_cache_4,   a white room full of spiders and centipedes 
insert_cache_4,   a white room full of spiders and centipedes 
insert_cache_4,   a white room full of spiders and centipedes 
insert_cache_4,   a white room full of spiders and centipedes 
insert_cache_4,   a   room full of spiders and centipedes 
insert_cache_4,   a   room full of spiders and centipedes 
insert_cache_4,   a   room full of spiders and centipedes 
insert_cache_4,   a   room full of spiders and centipedes 
insert_cache_4,   a   room full of spiders and centipedes 
insert_cache_4,   a   room full of spiders and centipedes 
insert_cache_4,   a   room full of spiders and centipedes 
insert_cache_4,   a   room full of spiders and centipedes 
insert_cache_4,   a   room full of spiders and centipedes 
insert_cache_4,   a white room full of insects mutants 
insert_cache_4,   a white room full of insects mutants 
insert_cache_4,   a white room full of insects mutants 
insert_cache_4,   a white room full of insects mutants 
insert_cache_4,   a white room full of insects mutants 
insert_cache_4,   a white room full of insects mutants 
insert_cache_4,   a white room full of insects mutants 
insert_cache_4,   a white room full of insects mutants 
insert_cache_4,   a white room full of insects mutants 
insert_cache_4, Character design police man
insert_cache_4, Character design police man
insert_cache_4, Character design police man
insert_cache_4, Character design police man
insert_cache_4, Character design police man
insert_cache_4, Character design police man
insert_cache_4, Character design police man
insert_cache_4, Character design police man
insert_cache_4, Character design police man
insert_cache_4, snout collar neck neck paws Snake Cobra Lion Costume Camouflaged Serpent neck ASPCA National Geographic Wikipedia Demiurge pet adoption quill splatterpaint
insert_cache_4, soup
insert_cache_4, map of the world in the year 2050
insert_cache_4, Meg the stallion music video
insert_cache_4, phat girl and friends
insert_cache_4, lemon party
insert_cache_4, everything everywhere all at once, photograph high definition
insert_cache_4, everything everywhere all at once, photograph high definition
insert_cache_4, everything everywhere all at once, photograph high definition
insert_cache_4, everything everywhere all at once, photograph high definition
insert_cache_4, everything everywhere all at once, photograph high definition
insert_cache_4, everything everywhere all at once, photograph high definition
hit 499 times, current hit rate is 0.027538631346578368
insert_cache_4, scary teacher
insert_cache_4, scary teacher
insert_cache_4, scary teacher
insert_cache_4, scary teacher
insert_cache_4, scary teacher
insert_cache_4, scary teacher
insert_cache_4, aesthetically pleasing image of a meditating entity of light clearly defined as he breathes in the Ki of the universe
insert_cache_4, aesthetically pleasing image of a meditating entity of light clearly defined as he breathes in the Ki of the universe
insert_cache_4, aesthetically pleasing image of a meditating entity of light clearly defined as he breathes in the Ki of the universe
insert_cache_4, aesthetically pleasing image of a meditating entity of light clearly defined as he breathes in the Ki of the universe
insert_cache_4, aesthetically pleasing image of a meditating entity of light clearly defined as he breathes in the Ki of the universe
insert_cache_4, aesthetically pleasing image of a meditating entity of light clearly defined as he breathes in the Ki of the universe
insert_cache_4, aesthetically pleasing image of a meditating entity of light clearly defined as he breathes in the Ki of the universe
insert_cache_4, aesthetically pleasing image of a meditating entity of light clearly defined as he breathes in the Ki of the universe
insert_cache_4, aesthetically pleasing image of a meditating entity of light clearly defined as he breathes in the Ki of the universe
insert_cache_4, a still from a space war movie
insert_cache_4, a still from a space war movie
insert_cache_4, a still from a space war movie
insert_cache_4, a still from a space war movie
insert_cache_4, a still from a space war movie
insert_cache_4, a still from a space war movie
insert_cache_4, a still from a space war movie
insert_cache_4, a still from a space war movie
insert_cache_4, a still from a space war movie
insert_cache_4, aesthetically pleasing image of the whitewinged angel of death wearing a crimson and black robe descending on the innocent in their graves 
insert_cache_4, aesthetically pleasing image of the whitewinged angel of death wearing a crimson and black robe descending on the innocent in their graves 
insert_cache_4, aesthetically pleasing image of the whitewinged angel of death wearing a crimson and black robe descending on the innocent in their graves 
insert_cache_4, aesthetically pleasing image of the whitewinged angel of death wearing a crimson and black robe descending on the innocent in their graves 
insert_cache_4, aesthetically pleasing image of the whitewinged angel of death wearing a crimson and black robe descending on the innocent in their graves 
insert_cache_4, aesthetically pleasing image of the whitewinged angel of death wearing a crimson and black robe descending on the innocent in their graves 
insert_cache_4, aesthetically pleasing image of the whitewinged angel of death wearing a crimson and black robe descending on the innocent in their graves 
insert_cache_4, aesthetically pleasing image of the whitewinged angel of death wearing a crimson and black robe descending on the innocent in their graves 
insert_cache_4, aesthetically pleasing image of the whitewinged angel of death wearing a crimson and black robe descending on the innocent in their graves 
insert_cache_4, throwing a wrench in monetization plans 
insert_cache_4, squidward 
insert_cache_4, squidward 
insert_cache_4, squidward 
insert_cache_4, squidward 
insert_cache_4, man falling in space 
insert_cache_4, against the dark 
insert_cache_4, sleep paralysis 
insert_cache_4, shitpost meme 
insert_cache_4, a four panel surreal meme from the year 9 9 9 9 sent back in time to 2 0 2 2 
insert_cache_4, a four panel surreal meme from the year 9 9 9 9 sent back in time to 2 0 2 2 
insert_cache_4, a four panel surreal meme from the year 9 9 9 9 sent back in time to 2 0 2 2 
insert_cache_4, a four panel surreal meme from the year 9 9 9 9 sent back in time to 2 0 2 2 
insert_cache_4, a four panel surreal meme from the year 9 9 9 9 sent back in time to 2 0 2 2 
insert_cache_4, a four panel surreal meme from the year 9 9 9 9 sent back in time to 2 0 2 2 
insert_cache_4, a four panel surreal meme from the year 9 9 9 9 sent back in time to 2 0 2 2 
insert_cache_4, a four panel surreal meme from the year 9 9 9 9 sent back in time to 2 0 2 2 
insert_cache_4, a four panel surreal meme from the year 9 9 9 9 sent back in time to 2 0 2 2 
insert_cache_4, meme about ai, caption reads it's robo time 
insert_cache_4, < a : w _ loltaopoint : 8 5 7 3 8 6 8 2 0 6 8 1 9 9 0 1 4 5 > 
insert_cache_4, ‚úÖ 
insert_cache_4, ü¶∂ 
insert_cache_4, ü¶∂ 
insert_cache_4, ü¶∂ 
insert_cache_4, ü¶∂ 
insert_cache_4, ü¶∂ 
insert_cache_4, ü¶∂ 
insert_cache_4, ü¶∂ 
insert_cache_4, ü¶∂ 
insert_cache_4, ü¶∂ 
insert_cache_4, donald trump üòé 
insert_cache_4, mom 
insert_cache_4, man : - ) 
insert_cache_4, bregman divergences being discovered in 1 9 8 6 
insert_cache_4, ü§†üåú‚ú®ü§°, cinematic 
insert_cache_4, ‚ò†‚ò†üïµ‚ò†‚ò† 
insert_cache_4, ‚ò†‚ò†üïµ‚ò†‚ò† 
insert_cache_4, ‚ò†‚ò†üïµ‚ò†‚ò† 
insert_cache_4, ‚ò†‚ò†üïµ‚ò†‚ò† 
insert_cache_4, ‚ò†‚ò†üïµ‚ò†‚ò† 
insert_cache_4, ‚ò†‚ò†üïµ‚ò†‚ò† 
insert_cache_4, ‚ò†‚ò†üïµ‚ò†‚ò† 
insert_cache_4, ‚ò†‚ò†üïµ‚ò†‚ò† 
insert_cache_4, ‚ò†‚ò†üïµ‚ò†‚ò† 
insert_cache_4, george washington üñï - n 9 
insert_cache_4, man made horrors beyond my comprehension 
insert_cache_4, john wayne üòú 
insert_cache_4, john wayne üòú 
insert_cache_4, stoned ape theory, psilocybin mushrooms, abstract, evolution 
insert_cache_4, stoned ape theory, psilocybin mushrooms, abstract, evolution 
insert_cache_4, john wayne üòú 
insert_cache_4, stoned ape theory, psilocybin mushrooms, abstract, evolution 
insert_cache_4, john wayne üòú 
insert_cache_4, john wayne üòú 
insert_cache_4, john wayne üòú 
insert_cache_4, john wayne üòú 
insert_cache_4, john wayne üòú 
insert_cache_4, john wayne üòú 
insert_cache_4, stoned ape theory, psilocybin mushrooms, abstract, evolution 
insert_cache_4, stoned ape theory, psilocybin mushrooms, abstract, evolution 
insert_cache_4, stoned ape theory, psilocybin mushrooms, abstract, evolution 
insert_cache_4, stoned ape theory, psilocybin mushrooms, abstract, evolution 
insert_cache_4, stoned ape theory, psilocybin mushrooms, abstract, evolution 
insert_cache_4, stoned ape theory, psilocybin mushrooms, abstract, evolution 
insert_cache_4, $ $ $ 
insert_cache_4, dream √∑ reality 
insert_cache_4, dream √∑ reality 
hit 599 times, current hit rate is 0.030600255427841633
insert_cache_4, dream √∑ reality 
insert_cache_4, dream √∑ reality 
insert_cache_4, dream √∑ reality 
insert_cache_4, dream √∑ reality 
insert_cache_4, dream √∑ reality 
insert_cache_4, dream √∑ reality 
insert_cache_4, gpu question mark 
insert_cache_4, gpu question mark 
insert_cache_4, gpu question mark 
insert_cache_4, dream √∑ reality 
insert_cache_4, gpu question mark 
insert_cache_4, gpu question mark 
insert_cache_4, gpu question mark 
insert_cache_4, gpu question mark 
insert_cache_4, gpu question mark 
insert_cache_4, gpu question mark 
insert_cache_4, living / dead 
insert_cache_4, # @ &? 
insert_cache_4, 2 + 7 & 9 ^ 2 
insert_cache_4, 2 + 7 & 9 ^ 2 
insert_cache_4, 2 + 7 & 9 ^ 2 
insert_cache_4, 2 + 7 & 9 ^ 2 
insert_cache_4, 2 + 7 & 9 ^ 2 
insert_cache_4, 2 + 7 & 9 ^ 2 
insert_cache_4, 2 + 7 & 9 ^ 2 
insert_cache_4, 2 + 7 & 9 ^ 2 
insert_cache_4, 2 + 7 & 9 ^ 2 
insert_cache_4, apple œÄ 
insert_cache_4, mcdonald's ‚Ñ¢ 
insert_cache_4, dog 
insert_cache_4, dog 
insert_cache_4, dog 
insert_cache_4, dog 
insert_cache_4, dog 
insert_cache_4, dog 
insert_cache_4, dog 
insert_cache_4, dog 
insert_cache_4, dog 
insert_cache_4, working off debt on the streets 
insert_cache_4, working off debt on the streets 
insert_cache_4, working off debt on the streets 
insert_cache_4, working off debt on the streets 
insert_cache_4, working off debt on the streets 
insert_cache_4, working off debt on the streets 
insert_cache_4, artist drawing in deviantart 
insert_cache_4, cctv footage 
insert_cache_4, dog dog dog dog dog dog dog as the monalisa 
insert_cache_4, dog dog dog dog dog dog dog as the monalisa 
insert_cache_4, dog dog dog dog dog dog dog as the monalisa 
insert_cache_4, dog dog dog dog dog dog dog as the monalisa 
insert_cache_4, dog dog dog dog dog dog dog as the monalisa 
insert_cache_4, dog dog dog dog dog dog dog as the monalisa 
insert_cache_4, dog dog dog dog dog dog dog as the monalisa 
insert_cache_4, dog dog dog dog dog dog dog as the monalisa 
insert_cache_4, dog dog dog dog dog dog dog as the monalisa 
insert_cache_4, love at first sight, gorgeous couple 
insert_cache_4, love at first sight, gorgeous couple 
insert_cache_4, love at first sight, gorgeous couple 
insert_cache_4, love at first sight, gorgeous couple 
insert_cache_4, love at first sight, gorgeous couple 
insert_cache_4, love at first sight, gorgeous couple 
insert_cache_4, love at first sight, gorgeous couple 
insert_cache_4, love at first sight, gorgeous couple 
insert_cache_4, love at first sight, gorgeous couple 
insert_cache_4, hand!!!, accurate, photorealistic, 
insert_cache_4, hand!!!, accurate, photorealistic, 
insert_cache_4, hand!!!, accurate, photorealistic, 
insert_cache_4, hand!!!, accurate, photorealistic, 
insert_cache_4, hand!!!, accurate, photorealistic, 
insert_cache_4, hand!!!, accurate, photorealistic, 
insert_cache_4, hand!!!, accurate, photorealistic, 
insert_cache_4, hand!!!, accurate, photorealistic, 
insert_cache_4, hand!!!, accurate, photorealistic, 
insert_cache_4, a portrait of internet comment etiquette 
insert_cache_4, a portrait of internet comment etiquette 
insert_cache_4, a portrait of internet comment etiquette 
insert_cache_4, a portrait of internet comment etiquette 
insert_cache_4, a portrait of internet comment etiquette 
insert_cache_4, a portrait of internet comment etiquette 
insert_cache_4, a portrait of internet comment etiquette 
insert_cache_4, a portrait of internet comment etiquette 
insert_cache_4, a portrait of internet comment etiquette 
insert_cache_4, riding into the danger zone 
insert_cache_4, cybernetic evil warzone bladed weapons razor projectiles humanoids goin stupid, desert scene 
insert_cache_4, screenshot of revenge of the sith 
insert_cache_4, screenshot of revenge of the sith 
insert_cache_4, screenshot of revenge of the sith 
insert_cache_4, screenshot of revenge of the sith 
insert_cache_4, screenshot of revenge of the sith 
insert_cache_4, screenshot of revenge of the sith 
insert_cache_4, screenshot of revenge of the sith 
insert_cache_4, cybernetic evil warzone bladed weapons razor projectiles humanoids goin stupid, desert scene 
insert_cache_4, screenshot of revenge of the sith 
insert_cache_4, cybernetic evil warzone bladed weapons razor projectiles humanoids goin stupid, desert scene 
insert_cache_4, cybernetic evil warzone bladed weapons razor projectiles humanoids goin stupid, desert scene 
insert_cache_4, cybernetic evil warzone bladed weapons razor projectiles humanoids goin stupid, desert scene 
insert_cache_4, cybernetic evil warzone bladed weapons razor projectiles humanoids goin stupid, desert scene 
insert_cache_4, cybernetic evil warzone bladed weapons razor projectiles humanoids goin stupid, desert scene 
insert_cache_4, cybernetic evil warzone bladed weapons razor projectiles humanoids goin stupid, desert scene 
insert_cache_4, cybernetic evil warzone bladed weapons razor projectiles humanoids goin stupid, desert scene 
hit 699 times, current hit rate is 0.03282923163629532
insert_cache_4, screenshot of revenge of the sith 
insert_cache_4, a screenshot from snow white and the seven dwarves 
insert_cache_4, a screenshot from snow white and the seven dwarves 
insert_cache_4, a screenshot from snow white and the seven dwarves 
insert_cache_4, a screenshot from snow white and the seven dwarves 
insert_cache_4, a screenshot from snow white and the seven dwarves 
insert_cache_4, a screenshot from snow white and the seven dwarves 
insert_cache_4, a screenshot from snow white and the seven dwarves 
insert_cache_4, a screenshot from snow white and the seven dwarves 
insert_cache_4, a screenshot from snow white and the seven dwarves 
insert_cache_4, teeth 
insert_cache_4, teeth 
insert_cache_4, teeth 
insert_cache_4, teeth 
insert_cache_4, teeth 
insert_cache_4, teeth 
insert_cache_4, teeth 
insert_cache_4, teeth 
insert_cache_4, teeth 
insert_cache_4, too many teeth 
insert_cache_4, too many teeth 
insert_cache_4, too many teeth 
insert_cache_4, too many teeth 
insert_cache_4, too many teeth 
insert_cache_4, too many teeth 
insert_cache_4, too many teeth 
insert_cache_4, too many teeth 
insert_cache_4, too many teeth 
insert_cache_4, snakefly, prehistoric bugs, giant insects, carnivore, scary but 
insert_cache_4, goodnight from the san francisco bay area 
insert_cache_4, apotheosis 
insert_cache_4, apotheosis 
insert_cache_4, apotheosis 
insert_cache_4, apotheosis 
insert_cache_4, apotheosis 
insert_cache_4, apotheosis 
insert_cache_4, apotheosis 
insert_cache_4, apotheosis 
insert_cache_4, apotheosis 
insert_cache_4, dwarf fortress 
insert_cache_4, fox news female host 
insert_cache_4, fox news female host 
insert_cache_4, fox news female host 
insert_cache_4, fox news female host 
insert_cache_4, fox news female host 
insert_cache_4, fox news female host 
insert_cache_4, dwarf fortress 
insert_cache_4, dwarf fortress 
insert_cache_4, dwarf fortress 
insert_cache_4, dwarf fortress 
insert_cache_4, dwarf fortress 
insert_cache_4, dwarf fortress 
insert_cache_4, dwarf fortress 
insert_cache_4, fox news female host 
insert_cache_4, fox news female host 
insert_cache_4, fox news female host 
insert_cache_4, dwarf fortress 
insert_cache_4, fox news female host 
insert_cache_4, fox news female host 
insert_cache_4, fox news female host 
insert_cache_4, fox news female host 
insert_cache_4, fox news female host 
insert_cache_4, fox news female host 
insert_cache_4, fox news female host 
insert_cache_4, fox news female host 
insert_cache_4, fox news female host 
insert_cache_4, ‚Äú a row of identical pretty women, clones, hyper realistic, in the style of houston sharp ‚Äù 
insert_cache_4, ‚Äú a row of identical pretty women, clones, hyper realistic, in the style of houston sharp ‚Äù 
insert_cache_4, ‚Äú a row of identical pretty women, clones, hyper realistic, in the style of houston sharp ‚Äù 
insert_cache_4, ‚Äú a row of identical pretty women, clones, hyper realistic, in the style of houston sharp ‚Äù 
insert_cache_4, ‚Äú a row of identical pretty women, clones, hyper realistic, in the style of houston sharp ‚Äù 
insert_cache_4, ‚Äú a row of identical pretty women, clones, hyper realistic, in the style of houston sharp ‚Äù 
insert_cache_4, ‚Äú a row of identical pretty women, clones, hyper realistic, in the style of houston sharp ‚Äù 
insert_cache_4, ‚Äú a row of identical pretty women, clones, hyper realistic, in the style of houston sharp ‚Äù 
insert_cache_4, ‚Äú a row of identical pretty women, clones, hyper realistic, in the style of houston sharp ‚Äù 
insert_cache_4, the backrooms 
insert_cache_4, the backrooms 
insert_cache_4, the backrooms 
insert_cache_4, the backrooms 
insert_cache_4, the backrooms 
insert_cache_4, the backrooms 
insert_cache_4, the backrooms 
insert_cache_4, the backrooms 
insert_cache_4, the backrooms 
insert_cache_4, highly dynamic pants, baggy, motion, flow, jump, intrincate design 
insert_cache_4, highly dynamic pants, baggy, motion, flow, jump, intrincate design 
insert_cache_4, highly dynamic pants, baggy, motion, flow, jump, intrincate design 
insert_cache_4, highly dynamic pants, baggy, motion, flow, jump, intrincate design 
insert_cache_4, highly dynamic pants, baggy, motion, flow, jump, intrincate design 
insert_cache_4, highly dynamic pants, baggy, motion, flow, jump, intrincate design 
insert_cache_4, highly dynamic pants, baggy, motion, flow, jump, intrincate design 
insert_cache_4, highly dynamic pants, baggy, motion, flow, jump, intrincate design 
insert_cache_4, highly dynamic pants, baggy, motion, flow, jump, intrincate design 
insert_cache_4, quandale dingle 
insert_cache_4, quandale dingle 
insert_cache_4, quandale dingle 
insert_cache_4, quandale dingle 
insert_cache_4, quandale dingle 
insert_cache_4, quandale dingle 
insert_cache_4, quandale dingle 
hit 799 times, current hit rate is 0.035517425320056896
insert_cache_4, quandale dingle 
insert_cache_4, quandale dingle 
insert_cache_4, necoarc 
insert_cache_4, necoarc 
insert_cache_4, necoarc 
insert_cache_4, necoarc 
insert_cache_4, necoarc 
insert_cache_4, necoarc 
insert_cache_4, necoarc 
insert_cache_4, necoarc 
insert_cache_4, necoarc 
insert_cache_4, 2 0 / 2 4 vision 
insert_cache_4, futuristic society where everybody has 2 0 / 2 4 vision 
insert_cache_4, of a beautiful üå∏ 
insert_cache_4, üê¢üçÑüçÅ 
insert_cache_4, üçÑüß†üëÅ 
insert_cache_4, üçÑüß†üëÅ 
insert_cache_4, üçÑüß†üëÅ 
insert_cache_4, üçÑüß†üëÅ 
insert_cache_4, üçÑüß†üëÅ 
insert_cache_4, üçÑüß†üëÅ 
insert_cache_4, üçÑüß†üëÅ 
insert_cache_4, üçÑüß†üëÅ 
insert_cache_4, vietnam war footage 
insert_cache_4, vietnam war footage 
insert_cache_4, vietnam war footage 
insert_cache_4, vietnam war footage 
insert_cache_4, vietnam war footage 
insert_cache_4, vietnam war footage 
insert_cache_4, vietnam war footage 
insert_cache_4, vietnam war footage 
insert_cache_4, the book cover for nineteen eighty - four but its published by a totalitarian regime 
insert_cache_4, the book cover for nineteen eighty - four but its published by a totalitarian regime 
insert_cache_4, the book cover for nineteen eighty - four but its published by a totalitarian regime 
insert_cache_4, the book cover for nineteen eighty - four but its published by a totalitarian regime 
insert_cache_4, the book cover for nineteen eighty - four but its published by a totalitarian regime 
insert_cache_4, the book cover for nineteen eighty - four but its published by a totalitarian regime 
insert_cache_4, the book cover for nineteen eighty - four but its published by a totalitarian regime 
insert_cache_4, the book cover for nineteen eighty - four but its published by a totalitarian regime 
insert_cache_4, temple of doom 
insert_cache_4, screenshot of a demon in bloodborne, stunning character design 
insert_cache_4, screenshot of a demon in bloodborne, stunning character design 
insert_cache_4, screenshot of a demon in bloodborne, stunning character design 
insert_cache_4, screenshot of a demon in bloodborne, stunning character design 
insert_cache_4, screenshot of a demon in bloodborne, stunning character design 
insert_cache_4, screenshot of a demon in bloodborne, stunning character design 
insert_cache_4, screenshot of a demon in bloodborne, stunning character design 
insert_cache_4, screenshot of a demon in bloodborne, stunning character design 
insert_cache_4, screenshot of a demon in bloodborne, stunning character design 
insert_cache_4, a film still from harry potter and the sorcerer's stone ( 2 0 0 1 ) 
insert_cache_4, trump dressed as the devil 
insert_cache_4, a film still from harry potter and the sorcerer's stone ( 2 0 0 1 ) 
insert_cache_4, a film still from harry potter and the sorcerer's stone ( 2 0 0 1 ) 
insert_cache_4, a film still from harry potter and the sorcerer's stone ( 2 0 0 1 ) 
insert_cache_4, a film still from harry potter and the sorcerer's stone ( 2 0 0 1 ) 
insert_cache_4, a film still from harry potter and the sorcerer's stone ( 2 0 0 1 ) 
insert_cache_4, a film still from harry potter and the sorcerer's stone ( 2 0 0 1 ) 
insert_cache_4, a film still from harry potter and the sorcerer's stone ( 2 0 0 1 ) 
insert_cache_4, a film still from harry potter and the sorcerer's stone ( 2 0 0 1 ) 
insert_cache_4, trump dressed as the devil 
insert_cache_4, trump dressed as the devil 
insert_cache_4, trump dressed as the devil 
insert_cache_4, trump dressed as the devil 
insert_cache_4, trump dressed as the devil 
insert_cache_4, trump dressed as the devil 
insert_cache_4, a film still from trainspotting ( 1 9 9 6 ) 
insert_cache_4, a film still from trainspotting ( 1 9 9 6 ) 
insert_cache_4, a film still from trainspotting ( 1 9 9 6 ) 
insert_cache_4, a film still from trainspotting ( 1 9 9 6 ) 
insert_cache_4, a film still from trainspotting ( 1 9 9 6 ) 
insert_cache_4, a film still from trainspotting ( 1 9 9 6 ) 
insert_cache_4, a film still from trainspotting ( 1 9 9 6 ) 
insert_cache_4, a film still from trainspotting ( 1 9 9 6 ) 
insert_cache_4, a film still from trainspotting ( 1 9 9 6 ) 
insert_cache_4, suicide 
insert_cache_4, suicide 
insert_cache_4, suicide 
insert_cache_4, suicide 
insert_cache_4, suicide 
insert_cache_4, suicide 
insert_cache_4, suicide 
insert_cache_4, suicide 
insert_cache_4, suicide 
insert_cache_4, trollface 
insert_cache_4, a still from forrest gump ( 1 9 9 4 ) 
insert_cache_4, a still from forrest gump ( 1 9 9 4 ) 
insert_cache_4, a still from forrest gump ( 1 9 9 4 ) 
insert_cache_4, a still from forrest gump ( 1 9 9 4 ) 
insert_cache_4, a still from forrest gump ( 1 9 9 4 ) 
insert_cache_4, a still from forrest gump ( 1 9 9 4 ) 
insert_cache_4, a still from forrest gump ( 1 9 9 4 ) 
insert_cache_4, a still from forrest gump ( 1 9 9 4 ) 
insert_cache_4, a still from forrest gump ( 1 9 9 4 ) 
insert_cache_4, a still from the davinci code ( 2 0 0 6 ) 
insert_cache_4, a still from the davinci code ( 2 0 0 6 ) 
insert_cache_4, a still from the davinci code ( 2 0 0 6 ) 
insert_cache_4, a still from the davinci code ( 2 0 0 6 ) 
insert_cache_4, a still from the davinci code ( 2 0 0 6 ) 
insert_cache_4, a still from the davinci code ( 2 0 0 6 ) 
insert_cache_4, a still from the davinci code ( 2 0 0 6 ) 
hit 899 times, current hit rate is 0.03646171317326411
insert_cache_4, a still from the davinci code ( 2 0 0 6 ) 
insert_cache_4, a still from the davinci code ( 2 0 0 6 ) 
insert_cache_4, luxury architecture in the desert 
insert_cache_4, luxury architecture in the desert 
insert_cache_4, dasha 
insert_cache_4, futuristic wizard photo 
insert_cache_4, a demonic magical ethereal portal to hell. in a medieval fantasy mediterranean town. 
insert_cache_4, a demonic magical ethereal portal to hell. in a medieval fantasy mediterranean town. 
insert_cache_4, a demonic magical ethereal portal to hell. in a medieval fantasy mediterranean town. 
insert_cache_4, a demonic magical ethereal portal to hell. in a medieval fantasy mediterranean town. 
insert_cache_4, a demonic magical ethereal portal to hell. in a medieval fantasy mediterranean town. 
insert_cache_4, a demonic magical ethereal portal to hell. in a medieval fantasy mediterranean town. 
insert_cache_4, a film still from saving private ryan ( 1 9 9 7 ) 
insert_cache_4, a film still from saving private ryan ( 1 9 9 7 ) 
insert_cache_4, a film still from saving private ryan ( 1 9 9 7 ) 
insert_cache_4, a film still from saving private ryan ( 1 9 9 7 ) 
insert_cache_4, a film still from saving private ryan ( 1 9 9 7 ) 
insert_cache_4, a film still from saving private ryan ( 1 9 9 7 ) 
insert_cache_4, a film still from saving private ryan ( 1 9 9 7 ) 
insert_cache_4, a film still from saving private ryan ( 1 9 9 7 ) 
insert_cache_4, a film still from saving private ryan ( 1 9 9 7 ) 
insert_cache_4, a film still from phantom menace ( 1 9 9 9 ) 
insert_cache_4, a film still from phantom menace ( 1 9 9 9 ) 
insert_cache_4, a film still from phantom menace ( 1 9 9 9 ) 
insert_cache_4, a film still from phantom menace ( 1 9 9 9 ) 
insert_cache_4, a film still from phantom menace ( 1 9 9 9 ) 
insert_cache_4, a film still from phantom menace ( 1 9 9 9 ) 
insert_cache_4, a film still from phantom menace ( 1 9 9 9 ) 
insert_cache_4, a film still from phantom menace ( 1 9 9 9 ) 
insert_cache_4, a film still from phantom menace ( 1 9 9 9 ) 
insert_cache_4, a film still from titanic ( 1 9 9 7 ) 
insert_cache_4, a film still from titanic ( 1 9 9 7 ) 
insert_cache_4, a film still from titanic ( 1 9 9 7 ) 
insert_cache_4, a film still from titanic ( 1 9 9 7 ) 
insert_cache_4, a film still from titanic ( 1 9 9 7 ) 
insert_cache_4, a film still from titanic ( 1 9 9 7 ) 
insert_cache_4, a film still from titanic ( 1 9 9 7 ) 
insert_cache_4, a film still from titanic ( 1 9 9 7 ) 
insert_cache_4, a film still from titanic ( 1 9 9 7 ) 
insert_cache_4, a film still from men in black ( 1 9 9 7 ) 
insert_cache_4, a film still from men in black ( 1 9 9 7 ) 
insert_cache_4, a film still from men in black ( 1 9 9 7 ) 
insert_cache_4, a film still from men in black ( 1 9 9 7 ) 
insert_cache_4, a film still from men in black ( 1 9 9 7 ) 
insert_cache_4, a film still from men in black ( 1 9 9 7 ) 
insert_cache_4, a film still from men in black ( 1 9 9 7 ) 
insert_cache_4, a film still from men in black ( 1 9 9 7 ) 
insert_cache_4, a film still from men in black ( 1 9 9 7 ) 
insert_cache_4, a film still from jurassic park ( 1 9 9 3 ) 
insert_cache_4, a film still from jurassic park ( 1 9 9 3 ) 
insert_cache_4, a film still from jurassic park ( 1 9 9 3 ) 
insert_cache_4, a film still from jurassic park ( 1 9 9 3 ) 
insert_cache_4, a film still from jurassic park ( 1 9 9 3 ) 
insert_cache_4, a film still from jurassic park ( 1 9 9 3 ) 
insert_cache_4, a film still from jurassic park ( 1 9 9 3 ) 
insert_cache_4, a film still from jurassic park ( 1 9 9 3 ) 
insert_cache_4, a film still from jurassic park ( 1 9 9 3 ) 
insert_cache_4, necromantic cat 
insert_cache_4, a film still from happy gilmore ( 1 9 9 6 ) 
insert_cache_4, a film still from happy gilmore ( 1 9 9 6 ) 
insert_cache_4, a film still from happy gilmore ( 1 9 9 6 ) 
insert_cache_4, a film still from happy gilmore ( 1 9 9 6 ) 
insert_cache_4, a film still from happy gilmore ( 1 9 9 6 ) 
insert_cache_4, a film still from happy gilmore ( 1 9 9 6 ) 
insert_cache_4, a film still from happy gilmore ( 1 9 9 6 ) 
insert_cache_4, a film still from happy gilmore ( 1 9 9 6 ) 
insert_cache_4, a film still from happy gilmore ( 1 9 9 6 ) 
insert_cache_4, a film still from spider man ( 2 0 0 1 ) 
insert_cache_4, a film still from spider man ( 2 0 0 1 ) 
insert_cache_4, a film still from spider man ( 2 0 0 1 ) 
insert_cache_4, a film still from spider man ( 2 0 0 1 ) 
insert_cache_4, a film still from spider man ( 2 0 0 1 ) 
insert_cache_4, a film still from spider man ( 2 0 0 1 ) 
insert_cache_4, a film still from spider man ( 2 0 0 1 ) 
insert_cache_4, a film still from spider man ( 2 0 0 1 ) 
insert_cache_4, a film still from spider man ( 2 0 0 1 ) 
insert_cache_4, a film still from mean girls ( 2 0 0 4 ) 
insert_cache_4, a film still from mean girls ( 2 0 0 4 ) 
insert_cache_4, a film still from mean girls ( 2 0 0 4 ) 
insert_cache_4, a film still from mean girls ( 2 0 0 4 ) 
insert_cache_4, a film still from mean girls ( 2 0 0 4 ) 
insert_cache_4, a film still from mean girls ( 2 0 0 4 ) 
insert_cache_4, a film still from mean girls ( 2 0 0 4 ) 
insert_cache_4, a film still from mean girls ( 2 0 0 4 ) 
insert_cache_4, a film still from mean girls ( 2 0 0 4 ) 
insert_cache_4, a film still from love actually ( 2 0 0 3 ) 
insert_cache_4, a film still from love actually ( 2 0 0 3 ) 
insert_cache_4, a film still from love actually ( 2 0 0 3 ) 
insert_cache_4, a film still from love actually ( 2 0 0 3 ) 
insert_cache_4, a film still from love actually ( 2 0 0 3 ) 
insert_cache_4, a film still from love actually ( 2 0 0 3 ) 
insert_cache_4, a film still from love actually ( 2 0 0 3 ) 
insert_cache_4, a film still from love actually ( 2 0 0 3 ) 
insert_cache_4, a film still from love actually ( 2 0 0 3 ) 
insert_cache_4, a detailed portrait of a rapper in the 1 8 0 0 
insert_cache_4, a detailed portrait of a rapper in the 1 8 0 0 
insert_cache_4, a detailed portrait of a rapper in the 1 8 0 0 
insert_cache_4, a detailed portrait of a rapper in the 1 8 0 0 
insert_cache_4, a detailed portrait of a rapper in the 1 8 0 0 
insert_cache_4, a detailed portrait of a rapper in the 1 8 0 0 
hit 999 times, current hit rate is 0.038726934408435415
hit 999 times, current hit rate is 0.038726934408435415
