insert_cache_15, Photorealistic meme from the future. Hyperdetailed photorealism, 108 megapixels, amazing depth, glowing rich colors, powerful imagery, psychedelic Overtones, 3D finalrender, 3d shading, cinematic lighting, artstation concept art
insert_cache_64, Mountain by Craig Mullins, Downtown in a studio ghibli aesthetic, illustrative art of various small steampunk airships flying around the city by Mattias Adolfsson, Rendered in Octane, cinematic, Highly Detailed
insert_cache_64, a Photorealistic hyperrealistic render of a gigantic spaceship landing at a Junkyard by Greg Rutkowski,Vitaly Bugarov,Stephan Martiniere,Nicolas Bouvier SPARTH,James Paick, Juan Gimenez,PIXAR,dramatic moody sunset lighting,long shadows,Volumetric, cinematic atmosphere, Octane Render,Artstation,8k
insert_cache_64, a film still from jean - pierre jeunet by james paick - a steampunk airship hovers over the city, vibrant, 5 0 mm lens, movie environment design, behance hd, dramatic lighting, cinematic, global illumination, deviant art, trending on artstation, bloom 
insert_cache_64, a large 1 8 th century pirate airship flying among the clouds, soaring through the sky, airship, digital art, pirate ship, vivid colors, artgerm, james gilleard, very beautiful, highly detailed, volumetric lighting, award winning, intricate, trending on art station 
insert_cache_64, balanced masterpiece, steampunk airship above a busy city, exquisite details, denoised, mid view, distant mountains, epic natural light, bright clouds, luminous sky, outer worlds, bright cinematic lighting, art frahm, michael cheval, michael whelan, airbrush digital oil painting, vray, 8 k hd 
insert_cache_64, A 1950s city scene with a GIANT LASER EYEBALL looming in the distance, rendered by simon stålenhag, rendered by Beeple, Makoto Shinkai, syd meade, environment concept, digital art, unreal engine, 3 point perspective, WLOP, trending on artstation, low level, 4K UHD image, octane render,
insert_cache_15, cinema, films, detailed, intricate, artstation, elegant, illustration, smooth and sharp focus, concept art 
insert_cache_64, whale flying over a building, wearing fashion clothing, id magazine, hyperrealism, detailed textures, photorealistic, 3 d city, ultra realistic, cinematic, intricate, cinematic light, unreal engine 8 k, octane render, unreal engine, david kostic, artgerm 
insert_cache_64, james paick - a steampunk airship hovers over the city, vibrant, 5 0 mm lens, game environment design, behance hd, dramatic lighting, cinematic, global illumination, deviant art, trending on artstation, bloom 
insert_cache_64, futuristic city with flying cars, detailed intricate illustration, detailed illustration, hd, 4 k, digital art, overdetailed art, by greg rutkowski, by loish, complementing colors, trending on artstation, deviantart 
insert_cache_64, studio ghibli, whale, sunken ship in the background, deep sea, solar, green technology, optimist future by asher durand. intricate artwork by tooth wu and wlop and beeple and dan mumford and greg rutkowski and nekroxiii. halo. octane render, cinematic, hyper realism, octane render, 8 k, depth of field, bokeh. iridescent accents. vibrant 
insert_cache_15, talest man, real life, concept art, intricate details, highly detailed, photorealistic, octane render, 8 k 
insert_cache_64, a beautiful illustration of an airship burning in the sky at night, art of alena aenami, featured on artstation, vertical orientation, paint brush strokes, expressionism, brushstroke - laden, breathtaking clouds, birds, ocean, beautiful stars, long exposure, big moon radius, airy midnight theme, blue purple gradient, lens flare, flames and ember 
insert_cache_15, playstation 7, photorealistic, hyper detailed, 8 k, 
insert_cache_64, floating steampunk city in the sky, bioshock, intricate artwork by tooth wu and wlop and beeple, octane render, hyper realism, 8 k 
insert_cache_64, a scifi spacecraft hovering above a cybersteelpunk City, volumetric search lights, cinematic lighting, epic composition, rule of thirds, the fifth Element, tekkon kinkreet, akira, rendered by simon stålenhag, rendered by Beeple, Makoto Shinkai, syd meade, environment concept, digital art, starwars, raphael lacoste, eddie mendoza, alex ross, concept art, cinematic lighting, , unreal engine, 3 point perspective, WLOP, trending on artstation, low level, 4K UHD image, octane render,
insert_cache_64, a beautiful stunning fantasy whimsical matte digital illustration of a scene of a hot - air balloon powered by magic over a lit city at night by marc simonetti, pastel color palette, disney magic the gathering steampunk, chiaroscuro magical bokeh moon stars dramatic romantic epic breathtaking, trending on artstation hq, masterpiece 
insert_cache_64, james paick - a victorian airship under attack over the city, vibrant, 5 0 mm lens, game environment design, behance hd, dramatic lighting, cinematic, global illumination, deviant art, trending on artstation, bloom 
insert_cache_64, a pig-blimp, steampunk, digital art, extremely detailed, flying over a city, greg rutkowski, cinematic
insert_cache_64, a beautiful stunning fantasy whimsical matte digital illustration of a hot - air balloon race over a city at night by marc simonetti, pastel color palette, disney magic the gathering steampunk, chiaroscuro magical bokeh moon stars, trending on artstation hq, masterpiece 
insert_cache_64, screenshot from a renaissance airship cyberpunk first person shooter, fps, cinematography, photo, photography, 4 k, by greg rutkowski 
insert_cache_15, Andrew's Base, artstation, hyper realistic, highly detailed, 4K
insert_cache_64, realist illustration, inside an airship factory, steampunk, art nouveau, dust, light beams through high windows, concept art, 4 k, art station trend, octane render, sharp details 
insert_cache_64, hyperrealistic matte painting of aztec temples in a cyberpunk future environment with flying cars, mechanical features and neon, graffiti, scaffolding, smog, destruction by filip hodas, beeple, 4 k, trending on cgsociety 
insert_cache_64, legendary space ship, elephant shape!!!!, desert planet, alien technology, cinematic, highly detailed, large blue engines, scifi, yellow windows and details, hyper realism, intricate digital painting, skyscrapers, mechanics, red glow, gigantic landing pad, scifi base, artstation, by johnson ting, jama jurabaev 
insert_cache_64, a PIG HEAD, pig-blimp, steampunk, digital art, extremely detailed, flying over a city, greg rutkowski, cinematic
insert_cache_64, solarpunk and cyberpunk hot air balloon, very detailed, intricate, detailed illustration, by greg rutkowski and alphonse mucha, Paul Lehr and Beeple, iridescent accents, ray tracing, product lighting, sharp, smooth, masterpiece, cinema 4D
insert_cache_64, one enormous gigantic steel shipshaped fortress sailing across an icy frozen ocean. central composition. masterpiece, cinematic, hyperdetailed, photorealistic, hyperrealism, octane render, depth of field, bokeh, architecture, aerial view, art by tom bagshaw, geof darrow, james gurney, filip hodas 
insert_cache_15, Andrew's Base, artstation, hyper realistic, highly detailed
insert_cache_15, Photorealistic digital art, CGSociety, Animatronics
insert_cache_64, realistic extremely detailed photo style portrait painting of an airship over a futuristic city, moebius, brom, ian miller, moody, neon, vibrant colors, octane render, 4 k 
insert_cache_15, realistic skin rendering with pores and flexible skin, hyperrealistic rendering, photorealism, octane, redshift 
insert_cache_15, motivation, photorealistic, high detailed, high res
insert_cache_15, beautiful digital art, full body shot, highly - detailed, sharp focus, artstation cgsociety masterpiece 
insert_cache_64, a floating city in a night sky, with a steampunk aesthetic and dirigibles floating in the air, cityscape, digital painting, 4k
insert_cache_64, isometric painting of a giant space shipyard building a wormhole generator, by Greg Rutkowski, Beeple, post-processing, low angle, masterpiece, cinematic, volumetric lighting
insert_cache_64, airship by Greg Rutkowski and Maciej Kuciara, megastructure, trending on artstation, futuristic, sci-fi digital painting, highly detailed 4K, concept art, octane render
insert_cache_15, a beautiful, detailed, intricate and engaging photorealistic that tells a story. hd. hq. hyper - detailed. very detailed. vibrant colors. award winning. trending on artstation. 
insert_cache_64, street view of a city on venus being invaded by jellyfish - like alien spacecraft, outer space, unreal 5 render, studio ghibli, tim hildebrandt, digital art, octane render, beautiful composition, trending on artstation, masterpiece 
insert_cache_15, a man that successfully escaped his internal hell. hyperrealism, trending on artstation. 
insert_cache_64, a large 1 8 th century pirate airship flying among the clouds, soaring through the sky, airship, digital art, pirate ship, vivid colors, artgerm, james gilleard, beautiful, highly detailed, intricate, trending on art station 
insert_cache_15, b the most amazing thing ever made, beautiful extremely detailed, 3 d model, octane render, cgsociety 
insert_cache_64, airship powered by stars, steampunk, cyberpunk, vibrant colors, fantasy, sci - fi, dark sky, city in backround, bright ship headlights, dramatic, intricate, artstation, concept art, smooth, sharp focus 
insert_cache_15, The future of the artists after the creation of neural networks, hyper realism, highly detailed, artstation, 8K
insert_cache_64, a pig-blimp, pig head, steampunk, digital art, extremely detailed, flying over a city, greg rutkowski, cinematic
insert_cache_15, beautiful digital art, highly - detailed, sharp focus, artstation cgsociety masterpiece 
insert_cache_64, hyperrealistic matte painting of aztec temples in a future environment with flying cars, mechanical features and neon, graffiti, scaffolding, smog, destruction by filip hodas, beeple, 4 k, trending on cgsociety 
insert_cache_64, clouds in the sky, airship, digital art, blue sky vivid colors, artgerm, james gilleard, beautiful, highly detailed, intricate, trending on art station 
insert_cache_15, a wonderland, realistic, detailed, unreal engine, photorealistic,
insert_cache_64, a futuristic image of an alien desert with a gigantic mushroom shaped spaceport with spaceships flying, fine detail, by James clyne and Andrée Wallin, foggy, cyberpunk city in the distance, iridescent, artstation, CG society, Ariel view, concept art, extra wide angle, morning light
insert_cache_64, a large pirate airship flying among the clouds, soaring through the sky, airship, digital art, pirate, vivid colors, atey ghailan, james gilleard, beautiful, highly detailed, trending on art station 
insert_cache_64, a beautiful stunning fantasy whimsical matte digital illustration of a hot - air balloon powered by magic over a lit city at night by marc simonetti, pastel color palette, disney magic the gathering steampunk, chiaroscuro magical bokeh moon stars dramatic romantic, trending on artstation hq, masterpiece 
insert_cache_64, giant diarrhea over city by simon stalenhag, d & d, fantasy, digital painting, unreal engine 5, photorealism, hd quality, 8 k resolution, cinema 4 d, 3 d, cinematic, professional photography, art by artgerm and greg rutkowski and alphonse mucha and loish and wlop 
insert_cache_64, steampunk airship above a busy city, exquisite details, denoised, mid view, by norman rockwell, karl kopinski, artsation, greg rutkowski, makoto shinkai, takashi takeuchi, studio ghibli 
insert_cache_64, A beautiful photograph of a detailed ornate steampunk airship flying over a majestic mediterranian port city filled with tiny glowing lanterns with a view of the ocean at sunset, by David Noren, jordan grimmer, tyler edlin, featured on cgsociety
hit 56 times, current hit rate is 0.0009322301942701137
